A Catalogue of Flavi-Human Shareome Nonapeptide Sequences,,,,,,,
S/No.,Shareome Nonamers,Number of Viral Protein Sequences,Number of Human Protein Sequences,,,,
1,PVPPPRKKR,4268,13,,,,
2,PPVPPPRKK,4236,13,,,,
3,PLLLLLLAL,3589,1,,,,
4,SSTSGITGD,2789,13,,,,
5,GLGGAVLGV,1568,3,,,,
6,LLLCLLLLS,761,9,,,,
7,WLPVLLGSF,492,1,,,,
8,GIVGLLLTT,461,7,,,,
9,GAVLLGLAL,416,1,,,,
10,FALAAAAIA,412,1,,,,
11,SAIQKAQEE,411,15,,,,
12,LGGAGLTGG,299,7,,,,
13,TSRSASLRA,221,1,,,,
14,TPTPPPRRR,219,20,,,,
15,SGRVLGHPG,198,10,,,,
16,ALGGAGLTG,189,7,,,,
17,LIDGISLGL,174,50,,,,
18,PRLLLLGLL,159,1,,,,
19,LLLLGLLLL,157,20,,,,
20,RQPGALTQG,147,1,,,,
21,AFLAAVLGW,136,5,,,,
22,GQRQVGVGY,128,15,,,,
23,TGGSVARAT,125,12,,,,
24,LLLGLLLLT,124,2,,,,
25,PLALLVLLL,116,9,,,,
26,KQPPVPPPR,109,13,,,,
27,PLLLLLLVL,97,11,,,,
28,LLLLLLVLP,97,4,,,,
29,LLTTLPRSS,95,1,,,,
30,LKKLVLGWA,93,1,,,,
31,IPGEGHTLQ,90,1,,,,
32,AAPPVPPPR,87,6,,,,
33,APTPPPRRR,69,3,,,,
34,EDSSSSGVD,67,1,,,,
35,LLTALPRSS,64,2,,,,
36,AVIEHLERL,56,1,,,,
37,PRLLLLSLL,54,2,,,,
38,SLFSLLSSS,54,1,,,,
39,RLLLLSLLL,53,2,,,,
40,LLLLSLLLL,52,8,,,,
41,SIERARKAA,52,1,,,,
42,VAASKVKAN,50,4,,,,
43,GELPPAAAA,50,1,,,,
44,LLLLLLTLP,49,1,,,,
45,PQRPPRRDP,49,1,,,,
46,SLGRPKKKN,48,1,,,,
47,GLKITYFAL,47,6,,,,
48,ITYFALMDG,47,6,,,,
49,KITYFALMD,47,6,,,,
50,LKITYFALM,47,6,,,,
51,TEWAGCQRV,47,6,,,,
52,TYFALMDGK,47,6,,,,
53,YFALMDGKV,47,6,,,,
54,ALMDGKVYD,46,6,,,,
55,DITEWAGCQ,46,6,,,,
56,FALMDGKVY,46,6,,,,
57,ITEWAGCQR,46,6,,,,
58,KSARYCAEC,46,6,,,,
59,RLHPAEEGD,46,6,,,,
60,DREPKSARY,46,5,,,,
61,PKSARYCAE,46,5,,,,
62,REPKSARYC,46,5,,,,
63,IKLVLRALR,46,1,,,,
64,AEEGDFWAE,45,6,,,,
65,DGKVYDITE,45,6,,,,
66,EEGDFWAES,45,6,,,,
67,EGDFWAESS,45,6,,,,
68,EWAGCQRVG,45,6,,,,
69,GDFWAESSM,45,6,,,,
70,GKVYDITEW,45,6,,,,
71,KVYDITEWA,45,6,,,,
72,LMDGKVYDI,45,6,,,,
73,MDGKVYDIT,45,6,,,,
74,SRCQGKHRR,45,6,,,,
75,VYDITEWAG,45,6,,,,
76,WAGCQRVGI,45,6,,,,
77,YDITEWAGC,45,6,,,,
78,EPKSARYCA,45,5,,,,
79,AESSMLGLK,44,6,,,,
80,AGCQRVGIS,44,6,,,,
81,ARYCAECNR,44,6,,,,
82,CNRLHPAEE,44,6,,,,
83,CQGKHRRFE,44,6,,,,
84,CQRVGISPD,44,6,,,,
85,CSRCQGKHR,44,6,,,,
86,ECNRLHPAE,44,6,,,,
87,ESSMLGLKI,44,6,,,,
88,GCQRVGISP,44,6,,,,
89,HPAEEGDFW,44,6,,,,
90,LGLKITYFA,44,6,,,,
91,LHPAEEGDF,44,6,,,,
92,MCSRCQGKH,44,6,,,,
93,MLGLKITYF,44,6,,,,
94,NRLHPAEEG,44,6,,,,
95,PAEEGDFWA,44,6,,,,
96,QRVGISPDT,44,6,,,,
97,RCQGKHRRF,44,6,,,,
98,RYCAECNRL,44,6,,,,
99,SARYCAECN,44,6,,,,
100,SMLGLKITY,44,6,,,,
101,SSMLGLKIT,44,6,,,,
102,WAESSMLGL,44,6,,,,
103,YCAECNRLH,44,6,,,,
104,LGGVVLGAA,44,1,,,,
105,AECNRLHPA,43,6,,,,
106,CAECNRLHP,43,6,,,,
107,ISPDTHRVP,43,6,,,,
108,RVGISPDTH,43,6,,,,
109,VGISPDTHR,43,6,,,,
110,DFWAESSML,42,6,,,,
111,FWAESSMLG,42,6,,,,
112,GISPDTHRV,42,6,,,,
113,EMDREPKSA,42,5,,,,
114,MDREPKSAR,42,5,,,,
115,GKHRRFEMD,41,6,,,,
116,KHRRFEMDR,41,6,,,,
117,QGKHRRFEM,41,6,,,,
118,HRRFEMDRE,40,6,,,,
119,FEMDREPKS,40,5,,,,
120,RFEMDREPK,40,5,,,,
121,RRFEMDREP,40,5,,,,
122,AVLLALLVL,38,2,,,,
123,IDKNEEKRT,36,1,,,,
124,SASLTSPLS,35,20,,,,
125,LWPLLLLLL,35,15,,,,
126,VPPPPGEES,35,9,,,,
127,AVLLLFLVV,34,6,,,,
128,QWESARAAV,33,1,,,,
129,IENVKAKIQ,32,110,,,,
130,DTIENVKAK,32,109,,,,
131,PSDTIENVK,32,109,,,,
132,SDTIENVKA,32,108,,,,
133,TIENVKAKI,32,108,,,,
134,KEGIPPDQQ,32,103,,,,
135,PPDQQRLIF,32,103,,,,
136,GIPPDQQRL,32,102,,,,
137,IPPDQQRLI,32,102,,,,
138,DQQRLIFAG,32,101,,,,
139,PDQQRLIFA,32,101,,,,
140,EGIPPDQQR,32,100,,,,
141,QQRLIFAGK,32,95,,,,
142,LIFAGKQLE,32,94,,,,
143,QRLIFAGKQ,32,94,,,,
144,RLIFAGKQL,32,94,,,,
145,LSDYNIQKE,32,89,,,,
146,TLHLVLRLR,32,86,,,,
147,LHLVLRLRG,32,84,,,,
148,ESTLHLVLR,32,83,,,,
149,SDYNIQKES,32,83,,,,
150,STLHLVLRL,32,83,,,,
151,DYNIQKEST,32,81,,,,
152,YNIQKESTL,32,80,,,,
153,NIQKESTLH,32,79,,,,
154,IQKESTLHL,32,76,,,,
155,KESTLHLVL,32,76,,,,
156,QKESTLHLV,32,76,,,,
157,VLLLFLVVE,32,1,,,,
158,LEDGRTLSD,31,114,,,,
159,DGRTLSDYN,31,112,,,,
160,EDGRTLSDY,31,112,,,,
161,GRTLSDYNI,31,111,,,,
162,ENVKAKIQD,31,110,,,,
163,EPSDTIENV,31,110,,,,
164,NVKAKIQDK,31,109,,,,
165,KAKIQDKEG,31,108,,,,
166,QLEDGRTLS,31,108,,,,
167,VKAKIQDKE,31,106,,,,
168,AKIQDKEGI,31,105,,,,
169,IQDKEGIPP,31,105,,,,
170,KIQDKEGIP,31,105,,,,
171,DKEGIPPDQ,31,104,,,,
172,QDKEGIPPD,31,104,,,,
173,KQLEDGRTL,31,100,,,,
174,RTLSDYNIQ,31,99,,,,
175,AGKQLEDGR,31,96,,,,
176,FAGKQLEDG,31,94,,,,
177,IFAGKQLED,31,94,,,,
178,TLSDYNIQK,31,93,,,,
179,TLTGKTITL,31,85,,,,
180,KTLTGKTIT,31,84,,,,
181,LTGKTITLE,31,84,,,,
182,VKTLTGKTI,31,83,,,,
183,HLVLRLRGG,31,81,,,,
184,LPPPQPPPV,31,2,,,,
185,PLPPPQPPP,31,2,,,,
186,PPPQPPPVP,31,2,,,,
187,GKQLEDGRT,30,98,,,,
188,FVKTLTGKT,30,85,,,,
189,AAASFASFL,30,15,,,,
190,LVLRLRGGG,30,2,,,,
191,GGAGNDTLT,30,1,,,,
192,NWAKVIGIL,30,1,,,,
193,GGAAARSAH,29,1,,,,
194,GGVVAALTA,29,1,,,,
195,MMCSRCQGK,28,6,,,,
196,LLLLLLSLP,27,17,,,,
197,PLLLLLLSL,27,7,,,,
198,TMMCSRCQG,27,6,,,,
199,TVSAALAAL,26,1,,,,
200,LTLISLILL,25,9,,,,
201,ALDLGCGRG,25,7,,,,
202,TLISLILLV,24,7,,,,
203,LLLLLSLPP,24,6,,,,
204,LLLLSLPPR,24,6,,,,
205,GTGSDVGSY,24,1,,,,
206,MAGLVRGSF,24,1,,,,
207,RGRVGRTSG,24,1,,,,
208,EEPTTLPSG,23,34,,,,
209,ALVFLDKRI,23,9,,,,
210,LVFLDKRIV,23,9,,,,
211,LVLLLVAGA,23,9,,,,
212,LLLSLPPRA,23,6,,,,
213,VAGGLLSPA,23,5,,,,
214,PSAASSSAS,22,4,,,,
215,NTMMCSRCQ,21,6,,,,
216,LLLLLPLLA,20,61,,,,
217,PLLLLLPLL,20,41,,,,
218,LLLLPLLAA,20,19,,,,
219,RTSSSRAVV,20,12,,,,
220,GSDSESCSS,20,9,,,,
221,MNTMMCSRC,20,6,,,,
222,ASLFAVGPS,20,1,,,,
223,SRSPPVPPP,20,1,,,,
224,EVEPSDTIE,19,111,,,,
225,LEVEPSDTI,19,111,,,,
226,VEPSDTIEN,19,111,,,,
227,TLEVEPSDT,19,106,,,,
228,ITLEVEPSD,19,105,,,,
229,TITLEVEPS,19,98,,,,
230,SSEASSSAS,19,8,,,,
231,IPLLLLLPL,19,1,,,,
232,IRPVLGERV,19,1,,,,
233,LGLPVSGRR,19,1,,,,
234,PTLPRAGAL,19,1,,,,
235,KTITLEVEP,18,92,,,,
236,GKTITLEVE,18,90,,,,
237,QIFVKTLTG,18,89,,,,
238,MQIFVKTLT,18,86,,,,
239,LLLLLLLLP,18,85,,,,
240,TGKTITLEV,18,84,,,,
241,LLAAGVDAD,18,10,,,,
242,AMNTMMCSR,18,6,,,,
243,EAMNTMMCS,18,6,,,,
244,SETGSMSSM,18,6,,,,
245,LLLTVGVGV,18,1,,,,
246,LLPLLAAIL,18,1,,,,
247,SSPSLASSS,18,1,,,,
248,SSVSVALAA,18,1,,,,
249,WLLPPRGSR,18,1,,,,
250,GGGGSGGGG,17,248,,,,
251,IFVKTLTGK,17,85,,,,
252,LIHPATSLE,17,7,,,,
253,VIAGGILAA,17,3,,,,
254,GPGSPCPSP,17,2,,,,
255,GAVLVGLAA,17,1,,,,
256,GMQIFVKTL,16,26,,,,
257,GGMQIFVKT,16,24,,,,
258,RGGMQIFVK,16,24,,,,
259,TGSGKTTLL,16,15,,,,
260,FSTFLLALF,16,5,,,,
261,IAGGILAAL,16,3,,,,
262,GSSGSSGVD,16,2,,,,
263,VEPQPPPQG,16,2,,,,
264,RGRWVPGAA,16,1,,,,
265,PLLLLLLLL,15,161,,,,
266,LRGGMQIFV,15,24,,,,
267,RLRGGMQIF,15,24,,,,
268,QTRSRSRSR,15,22,,,,
269,WPLLLLLLL,15,22,,,,
270,HGAGSRSLA,15,12,,,,
271,ATPDAPPAD,15,6,,,,
272,GRQRATPDA,15,6,,,,
273,QRATPDAPP,15,6,,,,
274,RATPDAPPA,15,6,,,,
275,RQRATPDAP,15,6,,,,
276,LGLLLLFVG,15,4,,,,
277,LRLRGGMQI,14,24,,,,
278,LVLRLRGGM,14,24,,,,
279,VLRLRGGMQ,14,24,,,,
280,DAPPADLQD,14,6,,,,
281,DTHRVPYHI,14,6,,,,
282,PDAPPADLQ,14,6,,,,
283,PDTHRVPYH,14,6,,,,
284,SPDTHRVPY,14,6,,,,
285,TPDAPPADL,14,6,,,,
286,AFVAVLLGL,14,2,,,,
287,LAFVAVLLG,14,2,,,,
288,SRSRSRRRR,13,32,,,,
289,APPADLQDF,13,6,,,,
290,KAKALGATD,13,6,,,,
291,GALASAAAA,13,4,,,,
292,CPSDECGAG,13,2,,,,
293,DECGAGVFM,13,2,,,,
294,ECGAGVFMA,13,2,,,,
295,ECPSDECGA,13,2,,,,
296,ISRLRRECP,13,2,,,,
297,KISRLRREC,13,2,,,,
298,LRRECPSDE,13,2,,,,
299,PSDECGAGV,13,2,,,,
300,RECPSDECG,13,2,,,,
301,RLRRECPSD,13,2,,,,
302,RRECPSDEC,13,2,,,,
303,SDECGAGVF,13,2,,,,
304,SRLRRECPS,13,2,,,,
305,ASAAAATLW,13,1,,,,
306,DILTGYGAG,13,1,,,,
307,EPAPSTCPP,13,1,,,,
308,VKAAIKKRL,13,1,,,,
309,RSRSRSRRR,12,39,,,,
310,RLEHHHHHH,12,33,,,,
311,TRSRSRSRR,12,22,,,,
312,LLLSLLLLL,12,11,,,,
313,KPTPIPPPR,12,6,,,,
314,PRLEHHHHH,12,3,,,,
315,AGVFMASHF,12,2,,,,
316,CGAGVFMAS,12,2,,,,
317,ENGKISRLR,12,2,,,,
318,GAGVFMASH,12,2,,,,
319,GKISRLRRE,12,2,,,,
320,NGKISRLRR,12,2,,,,
321,LMAFTSAVT,11,7,,,,
322,ADLQDFLSR,11,6,,,,
323,DLQDFLSRI,11,6,,,,
324,LQDFLSRIF,11,6,,,,
325,PADLQDFLS,11,6,,,,
326,PPADLQDFL,11,6,,,,
327,PYHISFGSR,11,6,,,,
328,THRVPYHIS,11,6,,,,
329,TLALAGALA,11,6,,,,
330,GTTFTSGGS,11,2,,,,
331,SSSHHHHHH,11,2,,,,
332,GSSSHHHHH,11,1,,,,
333,HHHHHHSSG,10,973,,,,
334,DFLSRIFQV,10,6,,,,
335,HRVPYHISF,10,6,,,,
336,QDFLSRIFQ,10,6,,,,
337,RVPYHISFG,10,6,,,,
338,VPYHISFGS,10,6,,,,
339,GLLKGQGPM,10,4,,,,
340,IDPAKGGRK,10,3,,,,
341,FCLLLLVAG,10,1,,,,
342,GPCTPPPAP,10,1,,,,
343,SMTGGQQMG,9,59,,,,
344,ASMTGGQQM,9,58,,,,
345,STVSSGAST,9,10,,,,
346,ATGGAAGRS,9,9,,,,
347,INFHGKKLK,9,4,,,,
348,NFHGKKLKL,9,4,,,,
349,VPPVPKPRT,9,3,,,,
350,LVGLALLTL,9,2,,,,
351,VEKARDESK,9,2,,,,
352,WGVLASLAY,9,1,,,,
353,GGGSGGGGS,8,130,,,,
354,GGSGGGGSG,8,125,,,,
355,LAPIPAASQ,8,45,,,,
356,VPESPRRMM,8,16,,,,
357,ALLLLAAAG,8,7,,,,
358,FLSRIFQVP,8,6,,,,
359,QALLLLAAA,8,4,,,,
360,SGSHHHHHH,8,4,,,,
361,LGPLLVLQA,8,1,,,,
362,STGFITALF,8,1,,,,
363,VAGAALGLV,8,1,,,,
364,VHGLTTLFS,8,1,,,,
365,GGSGGGSGG,7,95,,,,
366,WSHPQFEKG,7,36,,,,
367,SHPQFEKGG,7,21,,,,
368,LGGGGSGGG,7,15,,,,
369,PAAAAALIF,7,9,,,,
370,LSRIFQVPP,7,6,,,,
371,SRIFQVPPG,7,6,,,,
372,TSGVTSLFS,7,5,,,,
373,GPLLVLQAG,7,1,,,,
374,HTARGLASL,7,1,,,,
375,IKRLIEQEV,7,1,,,,
376,LMAAVGERA,7,1,,,,
377,PRRHQTVQI,7,1,,,,
378,RTTASLTSL,7,1,,,,
379,RVYQLVRYY,7,1,,,,
380,VGGVLTSVG,7,1,,,,
381,GSSHHHHHH,6,611,,,,
382,SSHHHHHHS,6,585,,,,
383,MGSSHHHHH,6,536,,,,
384,SHHHHHHSS,6,510,,,,
385,HHHHHSSGL,6,482,,,,
386,HHHHSSGLV,6,460,,,,
387,HHHSSGLVP,6,459,,,,
388,RGSHHHHHH,6,147,,,,
389,MASMTGGQQ,6,55,,,,
390,NRRRKTAGV,6,15,,,,
391,YTPSPAPNY,6,15,,,,
392,STSGITGDI,6,13,,,,
393,MKEELQLDH,6,11,,,,
394,ASATAGIAS,6,7,,,,
395,AAALAELAR,6,6,,,,
396,PPQSPPAPP,6,6,,,,
397,AGGGGSGGG,6,2,,,,
398,TLGGGGSGG,6,2,,,,
399,ARATSSLAN,6,1,,,,
400,GAALAWLGL,6,1,,,,
401,GCPLPPSQP,6,1,,,,
402,LFPSRQGPG,6,1,,,,
403,PYTPSPAPN,6,1,,,,
404,SSGLVPRGS,5,460,,,,
405,HHSSGLVPR,5,458,,,,
406,HSSGLVPRG,5,457,,,,
407,SGLVPRGSH,5,334,,,,
408,GLVPRGSHM,5,312,,,,
409,GGGSGGGSG,5,112,,,,
410,GSGGGSGGG,5,74,,,,
411,DYDIPTTEN,5,62,,,,
412,YDIPTTENL,5,62,,,,
413,SGGGSGGGS,5,59,,,,
414,HHHHHHDYD,5,58,,,,
415,HHHHDYDIP,5,56,,,,
416,HHHHHDYDI,5,56,,,,
417,HHHDYDIPT,5,54,,,,
418,HDYDIPTTE,5,53,,,,
419,HHDYDIPTT,5,53,,,,
420,SYYHHHHHH,5,50,,,,
421,MSYYHHHHH,5,46,,,,
422,SWSHPQFEK,5,43,,,,
423,YHHHHHHDY,5,40,,,,
424,YYHHHHHHD,5,39,,,,
425,KGGGSGGGS,5,21,,,,
426,EKGGGSGGG,5,20,,,,
427,FEKGGGSGG,5,20,,,,
428,GSWSHPQFE,5,20,,,,
429,HPQFEKGGG,5,20,,,,
430,PQFEKGGGS,5,20,,,,
431,QFEKGGGSG,5,20,,,,
432,GGGSGGGSW,5,18,,,,
433,GGGSWSHPQ,5,18,,,,
434,GGSGGGSWS,5,18,,,,
435,GGSWSHPQF,5,18,,,,
436,GSGGGSWSH,5,18,,,,
437,SGGGSWSHP,5,18,,,,
438,LVPRGSHMG,5,16,,,,
439,GWSHPQFEK,5,13,,,,
440,AGWSHPQFE,5,12,,,,
441,DDDDKAGWS,5,12,,,,
442,DDDKAGWSH,5,12,,,,
443,DDKAGWSHP,5,12,,,,
444,DKAGWSHPQ,5,12,,,,
445,GLSSLLSPG,5,12,,,,
446,KAGWSHPQF,5,12,,,,
447,LSSLTVTTL,5,12,,,,
448,LLVVALLGA,5,9,,,,
449,LVVALLGAA,5,9,,,,
450,ESLETLMLI,5,8,,,,
451,EDDDDKAGW,5,7,,,,
452,GSGGGGSGA,5,7,,,,
453,GFGSSSTSG,5,6,,,,
454,LASLLSPGS,5,5,,,,
455,MASHHHHHH,5,3,,,,
456,GGRRRRRGR,5,2,,,,
457,GGSAARGAR,5,1,,,,
458,GSMIGVRSR,5,1,,,,
459,IGGDGNDTL,5,1,,,,
460,KAAAAAKAA,5,1,,,,
461,LGAALAWLG,5,1,,,,
462,LLGLALAWL,5,1,,,,
463,LLRRLRDRL,5,1,,,,
464,LLSLEEACQ,5,1,,,,
465,PSLSRSTRG,5,1,,,,
466,PTGSGKSTL,5,1,,,,
467,RPLLLLLLA,5,1,,,,
468,RTAASLAGL,5,1,,,,
469,SLSRSTRGS,5,1,,,,
470,SVRGLTSLF,5,1,,,,
471,TGEAAAKAA,5,1,,,,
472,DLGTENLYF,4,290,,,,
473,GTENLYFQS,4,290,,,,
474,LGTENLYFQ,4,290,,,,
475,VDLGTENLY,4,289,,,,
476,GVDLGTENL,4,288,,,,
477,SGVDLGTEN,4,287,,,,
478,HHSSGVDLG,4,285,,,,
479,HSSGVDLGT,4,285,,,,
480,SSGVDLGTE,4,285,,,,
481,MRGSHHHHH,4,92,,,,
482,TTENLYFQG,4,73,,,,
483,PTTENLYFQ,4,72,,,,
484,IPTTENLYF,4,71,,,,
485,DIPTTENLY,4,64,,,,
486,LEPGKNSRA,4,56,,,,
487,TENLYFQGA,4,48,,,,
488,ENLYFQGAM,4,42,,,,
489,GDGGGGGGG,4,37,,,,
490,TENLYFQSN,4,31,,,,
491,HHHENLYFQ,4,30,,,,
492,HHHHENLYF,4,30,,,,
493,HHHHHENLY,4,30,,,,
494,HHHHHHENL,4,30,,,,
495,PVPPASSTP,4,28,,,,
496,ENLYFQSNA,4,26,,,,
497,HHENLYFQG,4,24,,,,
498,GLAGVTLGL,4,17,,,,
499,PGGGARGSG,4,15,,,,
500,NLYFQGAMD,4,10,,,,
501,LLLLLSLPQ,4,8,,,,
502,NLYFQSNAD,4,6,,,,
503,RIFQVPPGQ,4,6,,,,
504,HHHHHHHEN,4,5,,,,
505,SLFSASFLR,4,5,,,,
506,LYFQGAMDP,4,4,,,,
507,LLLGLLLLA,4,3,,,,
508,RPVVLPPPP,4,3,,,,
509,VIYQDYKRP,4,3,,,,
510,LLVLLLLAG,4,2,,,,
511,SERLSSSRS,4,2,,,,
512,AARGAGGIA,4,1,,,,
513,ASHHHHHHS,4,1,,,,
514,GGAAARSTL,4,1,,,,
515,LITWGAGTA,4,1,,,,
516,LTLEKNSWL,4,1,,,,
517,PPPPGPRGG,4,1,,,,
518,PRPCGTISA,4,1,,,,
519,RGSSSHHHH,4,1,,,,
520,SQPAASSDS,4,1,,,,
521,VKKLIDSLI,4,1,,,,
522,WAKVIGILF,4,1,,,,
523,HHHHHSSGV,3,288,,,,
524,HHHHSSGVD,3,286,,,,
525,HHHSSGVDL,3,285,,,,
526,RSRSRSRSR,3,99,,,,
527,SLLLLLLLL,3,48,,,,
528,KLEHHHHHH,3,41,,,,
529,SSEPVREDS,3,25,,,,
530,AAAAGAAAA,3,19,,,,
531,GGGSGGGGA,3,16,,,,
532,TPSPAPNYN,3,15,,,,
533,LTVSGVYPL,3,12,,,,
534,GSAGHTTLG,3,11,,,,
535,DYKDDDDKA,3,9,,,,
536,PAGFTCDTQ,3,9,,,,
537,MGFLPKLLL,3,8,,,,
538,MSSEPAPSV,3,7,,,,
539,ARLLSPGAR,3,6,,,,
540,ATASSEPAP,3,6,,,,
541,FGSSSTSGF,3,6,,,,
542,IFQVPPGQM,3,6,,,,
543,RVARRALSP,3,6,,,,
544,VPLVITVAA,3,6,,,,
545,AQGWGPISL,3,5,,,,
546,EMPPLEGEE,3,5,,,,
547,GNFFAAPQP,3,5,,,,
548,GPLLLLLLA,3,5,,,,
549,IPVETIETT,3,5,,,,
550,LAVLLLLAG,3,5,,,,
551,NGNFFAAPQ,3,5,,,,
552,PPLLLLLAL,3,5,,,,
553,IGPLGPTGL,3,4,,,,
554,LLLVLPPRA,3,4,,,,
555,RLASCRPPT,3,4,,,,
556,KAAKAGLLA,3,3,,,,
557,LESQRPPAG,3,3,,,,
558,LLLLVLLLP,3,3,,,,
559,SGGSAAQST,3,2,,,,
560,TGEGSVQQL,3,2,,,,
561,VPRGSHMGS,3,2,,,,
562,AAAVAGAHG,3,1,,,,
563,APQPGPGAT,3,1,,,,
564,ARDLEMAGI,3,1,,,,
565,ASPRAGPGP,3,1,,,,
566,FLALPPTAG,3,1,,,,
567,FLLLALPPR,3,1,,,,
568,GAAGATARG,3,1,,,,
569,GGAAARGAG,3,1,,,,
570,GGLVGFFSP,3,1,,,,
571,GHLLLLGPA,3,1,,,,
572,GTAARGVSG,3,1,,,,
573,GTLLLSLLL,3,1,,,,
574,GVTGDGTTT,3,1,,,,
575,KWILKKIKY,3,1,,,,
576,LGEGAEVLL,3,1,,,,
577,LGRPGRSAL,3,1,,,,
578,LLSALSLGE,3,1,,,,
579,LPSPPGSRG,3,1,,,,
580,LTPAEIAAA,3,1,,,,
581,PGPTPSGCP,3,1,,,,
582,PPPPPTPAL,3,1,,,,
583,PPPPQAPVP,3,1,,,,
584,PPRPCGTIS,3,1,,,,
585,QPVTIDVRG,3,1,,,,
586,QSAARSAGA,3,1,,,,
587,RFLALPPTA,3,1,,,,
588,RLGEGAEVL,3,1,,,,
589,SRAPPSPGG,3,1,,,,
590,STSDASSVS,3,1,,,,
591,TPAEIAAAL,3,1,,,,
592,TPLPAPSYK,3,1,,,,
593,VISSSGGRA,3,1,,,,
594,GSHHHHHHG,2,108,,,,
595,GGGSGGGGG,2,107,,,,
596,GGSGGGGGG,2,104,,,,
597,ALEHHHHHH,2,85,,,,
598,AALEHHHHH,2,58,,,,
599,AAALEHHHH,2,54,,,,
600,RRRSRSRSR,2,51,,,,
601,KKLSSSLKV,2,46,,,,
602,PPQPQPQPP,2,42,,,,
603,VSSVARSTI,2,37,,,,
604,AWSHPQFEK,2,36,,,,
605,SAWSHPQFE,2,33,,,,
606,ARLLALEEA,2,28,,,,
607,EKDEDGFLY,2,28,,,,
608,FEPERKKSA,2,23,,,,
609,LALLVFLLP,2,20,,,,
610,DTSTVPQDA,2,18,,,,
611,ETAKRRSAR,2,18,,,,
612,PQPQPQPPP,2,16,,,,
613,GDYKDDDDK,2,15,,,,
614,GSAWSHPQF,2,15,,,,
615,APLLLLGLL,2,14,,,,
616,LLLSLLLLA,2,14,,,,
617,QPPVPPPRK,2,13,,,,
618,DRVPVIVEK,2,12,,,,
619,GGGGNVTLT,2,12,,,,
620,GTKPQRASL,2,12,,,,
621,KYPDRVPVI,2,12,,,,
622,PDRVPVIVE,2,12,,,,
623,SAPTGSGKT,2,12,,,,
624,SGGSIARGA,2,12,,,,
625,YPDRVPVIV,2,12,,,,
626,AHHHHHHSS,2,11,,,,
627,INALKRQYS,2,11,,,,
628,LSTVAAVVL,2,11,,,,
629,SAGHTTLGI,2,11,,,,
630,TAGQSTSET,2,11,,,,
631,DKRKYLVPS,2,10,,,,
632,KRKYLVPSD,2,10,,,,
633,LVTVNGNPV,2,10,,,,
634,GFSNLFTPG,2,9,,,,
635,NDLGITAVA,2,9,,,,
636,NSSVPAKTI,2,9,,,,
637,RLLLCLLLL,2,9,,,,
638,AWLWLLLSL,2,8,,,,
639,CPAWLWLLL,2,8,,,,
640,ECPAWLWLL,2,8,,,,
641,GLLLLLVGV,2,8,,,,
642,GSAPSSAAS,2,8,,,,
643,LWLLLSLLS,2,8,,,,
644,PAWLWLLLS,2,8,,,,
645,SAPSSAASG,2,8,,,,
646,VALGISAVA,2,8,,,,
647,WLLLSLLSL,2,8,,,,
648,WLWLLLSLL,2,8,,,,
649,DRLPSALTA,2,7,,,,
650,GVHECPAWL,2,7,,,,
651,HECPAWLWL,2,7,,,,
652,LLLSLLSLP,2,7,,,,
653,LLSLLSLPL,2,7,,,,
654,LLSLPLGLP,2,7,,,,
655,LPLGLPVLG,2,7,,,,
656,LSLLSLPLG,2,7,,,,
657,LSLPLGLPV,2,7,,,,
658,MGVHECPAW,2,7,,,,
659,SLLSLPLGL,2,7,,,,
660,SLPLGLPVL,2,7,,,,
661,VHECPAWLW,2,7,,,,
662,FILSSILRI,2,6,,,,
663,LKIPPEEMK,2,6,,,,
664,LRAEAARRR,2,6,,,,
665,LYFQSNADT,2,6,,,,
666,PSGYVAGIF,2,6,,,,
667,RAEAARRRL,2,6,,,,
668,TPASGSAAS,2,6,,,,
669,AQPPPPPGP,2,5,,,,
670,DLLTRLLQA,2,5,,,,
671,ELAGKLQSL,2,5,,,,
672,GPSVPQPAP,2,5,,,,
673,HENLYFQGM,2,5,,,,
674,KLIDALIEN,2,5,,,,
675,LLTRLLQAL,2,5,,,,
676,QDLLTRLLQ,2,5,,,,
677,QTTGGSAAS,2,5,,,,
678,SSAWSHPQF,2,5,,,,
679,VLLPVLLSI,2,5,,,,
680,AAGQLLSPE,2,4,,,,
681,ALLLLFLAG,2,4,,,,
682,ASSSLVSSS,2,4,,,,
683,DELAGKLQS,2,4,,,,
684,ENLYFQGMS,2,4,,,,
685,GASSSLVSS,2,4,,,,
686,GRLVCKEDY,2,4,,,,
687,GSGGGSGGS,2,4,,,,
688,LLLLFLAGV,2,4,,,,
689,LLLLLLVPV,2,4,,,,
690,LLLLLVLPP,2,4,,,,
691,LLLLVLPPR,2,4,,,,
692,LVDQLIRDL,2,4,,,,
693,PALLLLAAA,2,4,,,,
694,QVSRAAAAR,2,4,,,,
695,SETSSVSSM,2,4,,,,
696,SRSRSRSRK,2,4,,,,
697,TSETSSVSS,2,4,,,,
698,VAALGLTAV,2,4,,,,
699,YKDDDDKAA,2,4,,,,
700,ALASAIKEM,2,3,,,,
701,FTQRVITGT,2,3,,,,
702,AAAGLAGLL,2,2,,,,
703,AAASFLLLM,2,2,,,,
704,ASSSLASSS,2,2,,,,
705,CAASWLRDV,2,2,,,,
706,DTLGGGGSG,2,2,,,,
707,GGGSGGSAW,2,2,,,,
708,GGSAWSHPQ,2,2,,,,
709,GGSGGSAWS,2,2,,,,
710,GSGGSAWSH,2,2,,,,
711,HLLLFLLLL,2,2,,,,
712,LAASSSLRP,2,2,,,,
713,LLAASSSLR,2,2,,,,
714,RTITLEVEP,2,2,,,,
715,SGGGSGGSA,2,2,,,,
716,SGGSAWSHP,2,2,,,,
717,STSSRSAST,2,2,,,,
718,TRIVGGSAA,2,2,,,,
719,VAASCGGGV,2,2,,,,
720,VEIHASHPY,2,2,,,,
721,AAARALAEL,2,1,,,,
722,AAFTAAGLV,2,1,,,,
723,AARALAELA,2,1,,,,
724,AARGALGLT,2,1,,,,
725,AASLRLLGA,2,1,,,,
726,AEAAGRRSA,2,1,,,,
727,AELLRRSRR,2,1,,,,
728,AIKAAGLRG,2,1,,,,
729,ALDASRRPS,2,1,,,,
730,AMDPEFMST,2,1,,,,
731,APCPSQRKE,2,1,,,,
732,APLGGLAAA,2,1,,,,
733,ARALAELAR,2,1,,,,
734,ASASASVTL,2,1,,,,
735,ASRRPSPPL,2,1,,,,
736,CPSQRKENS,2,1,,,,
737,DASRRPSPP,2,1,,,,
738,DSGTATSPP,2,1,,,,
739,DSLSIGRGQ,2,1,,,,
740,EGRAILGLA,2,1,,,,
741,EKELPDAFL,2,1,,,,
742,EKGGSGGGS,2,1,,,,
743,ENSPRGSRR,2,1,,,,
744,EPDSLSIGR,2,1,,,,
745,EPRRFPRHG,2,1,,,,
746,FALVAGALG,2,1,,,,
747,FEGTVSSLA,2,1,,,,
748,FEKGGSGGG,2,1,,,,
749,FPRHGPLSR,2,1,,,,
750,GAGILALLG,2,1,,,,
751,GAMDPEFMS,2,1,,,,
752,GGPARAARG,2,1,,,,
753,GKLEHHHHH,2,1,,,,
754,GKPVSPVYA,2,1,,,,
755,GLLLLIGLL,2,1,,,,
756,GLLSLEEAC,2,1,,,,
757,GLTALLSPG,2,1,,,,
758,GPGVDIAVA,2,1,,,,
759,GQRRPSPVP,2,1,,,,
760,GRGQRRPSP,2,1,,,,
761,GRVTALDAS,2,1,,,,
762,GSEPDSLSI,2,1,,,,
763,GSSAWSHPQ,2,1,,,,
764,GVVGSGVRG,2,1,,,,
765,HGLSASSLH,2,1,,,,
766,HPQFEKGGS,2,1,,,,
767,IGRGQRRPS,2,1,,,,
768,IGRVTALDA,2,1,,,,
769,IRGSEPDSL,2,1,,,,
770,KASQTLTSF,2,1,,,,
771,KDDDDKAAA,2,1,,,,
772,KENSPRGSR,2,1,,,,
773,KGGSGGGSG,2,1,,,,
774,KTRRFVPAL,2,1,,,,
775,KVLVRLLRA,2,1,,,,
776,LAAAGRLDL,2,1,,,,
777,LAPAGARSL,2,1,,,,
778,LDASRRPSP,2,1,,,,
779,LGDYKDDDD,2,1,,,,
780,LLMLLPPVL,2,1,,,,
781,LLTSLRPPK,2,1,,,,
782,LLVGVSAAA,2,1,,,,
783,LRIRGSEPD,2,1,,,,
784,LSIGRGQRR,2,1,,,,
785,LSPLGSLPS,2,1,,,,
786,LTALLSPGA,2,1,,,,
787,LTSLRPPKG,2,1,,,,
788,LVLLASLVL,2,1,,,,
789,MAAPRPRRR,2,1,,,,
790,NPRRHQTVQ,2,1,,,,
791,NSPRGSRRL,2,1,,,,
792,PAGAQSLEP,2,1,,,,
793,PCPSQRKEN,2,1,,,,
794,PDSLSIGRG,2,1,,,,
795,PEPRRFPRH,2,1,,,,
796,PGPRSRSRR,2,1,,,,
797,PLRIRGSEP,2,1,,,,
798,PPEPRRFPR,2,1,,,,
799,PPLRIRGSE,2,1,,,,
800,PPPPRPPPP,2,1,,,,
801,PQFEKGGSG,2,1,,,,
802,PRHGPLSRG,2,1,,,,
803,PRRFPRHGP,2,1,,,,
804,PSPPLRIRG,2,1,,,,
805,PSQRKENSP,2,1,,,,
806,QARDSPAPL,2,1,,,,
807,QFEKGGSGG,2,1,,,,
808,QRKENSPRG,2,1,,,,
809,QRRPSPVPS,2,1,,,,
810,RAPCPSQRK,2,1,,,,
811,RFPRHGPLS,2,1,,,,
812,RGQRRPSPV,2,1,,,,
813,RGSEPDSLS,2,1,,,,
814,RHGPLSRGE,2,1,,,,
815,RHSVLGLEV,2,1,,,,
816,RIRGSEPDS,2,1,,,,
817,RKENSPRGS,2,1,,,,
818,RPSPPLRIR,2,1,,,,
819,RPSPVPSER,2,1,,,,
820,RRFPRHGPL,2,1,,,,
821,RRPSPPLRI,2,1,,,,
822,RRPSPVPSE,2,1,,,,
823,RVTALDASR,2,1,,,,
824,SEPDSLSIG,2,1,,,,
825,SGAAWAAVE,2,1,,,,
826,SIGRGQRRP,2,1,,,,
827,SLSGGSVTR,2,1,,,,
828,SLSIGRGQR,2,1,,,,
829,SPPLRIRGS,2,1,,,,
830,SPRGSRRLL,2,1,,,,
831,SQQKIQLIH,2,1,,,,
832,SQRKENSPR,2,1,,,,
833,SRRPSPPLR,2,1,,,,
834,SRSPSLSVS,2,1,,,,
835,SSGWAELAR,2,1,,,,
836,SSLFSSGSS,2,1,,,,
837,SSLLLSTTQ,2,1,,,,
838,SSLLRRGPR,2,1,,,,
839,TALDASRRP,2,1,,,,
840,TGLSAGETG,2,1,,,,
841,VAAAILWLL,2,1,,,,
842,VIMHTPGCM,2,1,,,,
843,VLGDYKDDD,2,1,,,,
844,VLLASLVLL,2,1,,,,
845,VLQAFGLKG,2,1,,,,
846,VTALDASRR,2,1,,,,
847,GGGGGGGGG,1,462,,,,
848,MHHHHHHSS,1,390,,,,
849,HHHHHHHHH,1,280,,,,
850,HHHHHSSGR,1,140,,,,
851,PPPPPPPPG,1,121,,,,
852,SRSRSRSRS,1,118,,,,
853,GRGRGRGRG,1,116,,,,
854,RGRGRGRGR,1,107,,,,
855,SHHHHHHGS,1,80,,,,
856,LLLLLLLPP,1,75,,,,
857,PPPPPPPGP,1,70,,,,
858,PPPPPPPPT,1,69,,,,
859,GHHHHHHHH,1,68,,,,
860,RGRGRGRGG,1,57,,,,
861,MTGGQQMGR,1,56,,,,
862,FLLLFLLLR,1,54,,,,
863,SLEHHHHHH,1,54,,,,
864,MLLLGLLLL,1,53,,,,
865,SHHHHHHHH,1,48,,,,
866,HPPPPPPPP,1,46,,,,
867,GLEHHHHHH,1,43,,,,
868,GGQQMGRGS,1,42,,,,
869,HHHHHHHHG,1,41,,,,
870,TGGQQMGRG,1,40,,,,
871,LLLGLLLLL,1,37,,,,
872,STYTTGGSL,1,35,,,,
873,YAEVKRVGD,1,35,,,,
874,AAAGAVVGG,1,34,,,,
875,FRGRGRGRG,1,32,,,,
876,LDKTKFLVP,1,31,,,,
877,RPPPPPPPP,1,29,,,,
878,LPVLDKTKF,1,28,,,,
879,MDYKDDDDK,1,28,,,,
880,PVLDKTKFL,1,28,,,,
881,QLPVLDKTK,1,28,,,,
882,TRVRAEPTP,1,28,,,,
883,VLDKTKFLV,1,28,,,,
884,DKTKFLVPD,1,27,,,,
885,EGSLNLLGL,1,27,,,,
886,EKQLPVLDK,1,27,,,,
887,ERYKGEKQL,1,27,,,,
888,FLVPDHVNM,1,27,,,,
889,GEKQLPVLD,1,27,,,,
890,KFLVPDHVN,1,27,,,,
891,KGEKQLPVL,1,27,,,,
892,KQLPVLDKT,1,27,,,,
893,KTKFLVPDH,1,27,,,,
894,LRLLALLLL,1,27,,,,
895,QLEHHHHHH,1,27,,,,
896,RYKGEKQLP,1,27,,,,
897,STSSSTTPS,1,27,,,,
898,TKFLVPDHV,1,27,,,,
899,YKGEKQLPV,1,27,,,,
900,HSMVSVSTP,1,26,,,,
901,IERYKGEKQ,1,26,,,,
902,IIERYKGEK,1,26,,,,
903,IPVIIERYK,1,26,,,,
904,KIPVIIERY,1,26,,,,
905,LVPDHVNMS,1,26,,,,
906,PDHVNMSEL,1,26,,,,
907,PVIIERYKG,1,26,,,,
908,RRSRSRSRS,1,26,,,,
909,RSRSRSRSK,1,26,,,,
910,VIIERYKGE,1,26,,,,
911,VPDHVNMSE,1,26,,,,
912,SMVSVSTPI,1,25,,,,
913,GRGSHHHHH,1,24,,,,
914,IIRRRLQLN,1,24,,,,
915,KIIRRRLQL,1,24,,,,
916,AGQDGSVVQ,1,23,,,,
917,DEDTIDVFQ,1,23,,,,
918,DHLKERSQE,1,23,,,,
919,EDEDTIDVF,1,23,,,,
920,EDTIDVFQQ,1,23,,,,
921,GQDGSVVQF,1,23,,,,
922,HINLKVAGQ,1,23,,,,
923,INLKVAGQD,1,23,,,,
924,KVAGQDGSV,1,23,,,,
925,LAAALEHHH,1,23,,,,
926,LKVAGQDGS,1,23,,,,
927,MEDEDTIDV,1,23,,,,
928,NLKVAGQDG,1,23,,,,
929,SVSLNQGAK,1,23,,,,
930,VAGQDGSVV,1,23,,,,
931,EMEDEDTID,1,22,,,,
932,HHHHHHGMA,1,22,,,,
933,LEMEDEDTI,1,22,,,,
934,QLEMEDEDT,1,22,,,,
935,AQLEMEDED,1,21,,,,
936,DGQPINETD,1,21,,,,
937,DGSVVQFKI,1,21,,,,
938,FDGQPINET,1,21,,,,
939,FRFDGQPIN,1,21,,,,
940,GGSAGSTVA,1,21,,,,
941,GLSMRQIRF,1,21,,,,
942,GQPINETDT,1,21,,,,
943,GSVVQFKIK,1,21,,,,
944,INETDTPAQ,1,21,,,,
945,IRFRFDGQP,1,21,,,,
946,LSKLMKAYC,1,21,,,,
947,LSMRQIRFR,1,21,,,,
948,MRQIRFRFD,1,21,,,,
949,PAQLEMEDE,1,21,,,,
950,PINETDTPA,1,21,,,,
951,PLSKLMKAY,1,21,,,,
952,QDGSVVQFK,1,21,,,,
953,QIRFRFDGQ,1,21,,,,
954,QPINETDTP,1,21,,,,
955,RFDGQPINE,1,21,,,,
956,RFRFDGQPI,1,21,,,,
957,RQIRFRFDG,1,21,,,,
958,SKLMKAYCE,1,21,,,,
959,SMRQIRFRF,1,21,,,,
960,SVVQFKIKR,1,21,,,,
961,TPLSKLMKA,1,21,,,,
962,DHINLKVAG,1,20,,,,
963,DTIDVFQQQ,1,20,,,,
964,EHFTKLRPK,1,20,,,,
965,FTKLRPKRN,1,20,,,,
966,HFTKLRPKR,1,20,,,,
967,KLRPKRNKK,1,20,,,,
968,KRNKKQQPT,1,20,,,,
969,LEHFTKLRP,1,20,,,,
970,LMKAYCERQ,1,20,,,,
971,LRPKRNKKQ,1,20,,,,
972,NDHINLKVA,1,20,,,,
973,NETDTPAQL,1,20,,,,
974,NKKQQPTQA,1,20,,,,
975,PKRNKKQQP,1,20,,,,
976,RNKKQQPTQ,1,20,,,,
977,RPKRNKKQQ,1,20,,,,
978,SHHHHHHGM,1,20,,,,
979,TIDVFQQQT,1,20,,,,
980,TKLRPKRNK,1,20,,,,
981,DTPAQLEME,1,19,,,,
982,ERQGLSMRQ,1,19,,,,
983,ETDTPAQLE,1,19,,,,
984,HHHHHGMAS,1,19,,,,
985,HTPLSKLMK,1,19,,,,
986,IKRHTPLSK,1,19,,,,
987,KLAAALEHH,1,19,,,,
988,KLMKAYCER,1,19,,,,
989,KRHTPLSKL,1,19,,,,
990,KTFKQRRTF,1,19,,,,
991,LLLLGLLLP,1,19,,,,
992,QGLSMRQIR,1,19,,,,
993,RHTPLSKLM,1,19,,,,
994,RQGLSMRQI,1,19,,,,
995,RRRRSRSRS,1,19,,,,
996,TDTPAQLEM,1,19,,,,
997,TFKQRRTFE,1,19,,,,
998,TPAQLEMED,1,19,,,,
999,VQFKIKRHT,1,19,,,,
1000,VVQFKIKRH,1,19,,,,
1001,AADGGYAFK,1,18,,,,
1002,AAFNKGETA,1,18,,,,
1003,AASGRQTVD,1,18,,,,
1004,AASPNKELA,1,18,,,,
1005,AATGDGPDI,1,18,,,,
1006,AATMENAQK,1,18,,,,
1007,AEAAFNKGE,1,18,,,,
1008,AEVGKKFEK,1,18,,,,
1009,AFFLLVNGH,1,18,,,,
1010,AFNKGETAM,1,18,,,,
1011,AFQDKLYPF,1,18,,,,
1012,AGAKAGLTF,1,18,,,,
1013,AGLTFLVDL,1,18,,,,
1014,AHDRFGGYA,1,18,,,,
1015,AKAGLTFLV,1,18,,,,
1016,AKDPRIAAT,1,18,,,,
1017,AKEFLENYL,1,18,,,,
1018,AKGKSALMF,1,18,,,,
1019,ALDKELKAK,1,18,,,,
1020,ALMFNLQEP,1,18,,,,
1021,ALSLIYNKD,1,18,,,,
1022,AMTINGPWA,1,18,,,,
1023,ANQAFFLLV,1,18,,,,
1024,AQKGEIMPN,1,18,,,,
1025,AQSGLLAEI,1,18,,,,
1026,ASPNKELAK,1,18,,,,
1027,ATGDGPDII,1,18,,,,
1028,ATMENAQKG,1,18,,,,
1029,AVEALSLIY,1,18,,,,
1030,AVINAASGR,1,18,,,,
1031,AVNKDKPLG,1,18,,,,
1032,AVRTAVINA,1,18,,,,
1033,AYCERQGLS,1,18,,,,
1034,AYPIAVEAL,1,18,,,,
1035,CERQGLSMR,1,18,,,,
1036,DEGLEAVNK,1,18,,,,
1037,DGPDIIFWA,1,18,,,,
1038,DHVNMSELI,1,18,,,,
1039,DIIFWAHDR,1,18,,,,
1040,DIKDVGVDN,1,18,,,,
1041,DKELKAKGK,1,18,,,,
1042,DKGYNGLAE,1,18,,,,
1043,DKLEEKFPQ,1,18,,,,
1044,DKLYPFTWD,1,18,,,,
1045,DKPLGAVAL,1,18,,,,
1046,DLIKNKHMN,1,18,,,,
1047,DLLPNPPKT,1,18,,,,
1048,DNAGAKAGL,1,18,,,,
1049,DPRIAATME,1,18,,,,
1050,DRFGGYAQS,1,18,,,,
1051,DTGIKVTVE,1,18,,,,
1052,DVFQQQTGG,1,18,,,,
1053,DVGVDNAGA,1,18,,,,
1054,DVRLIREQH,1,18,,,,
1055,EAAFNKGET,1,18,,,,
1056,EALSLIYNK,1,18,,,,
1057,EAVNKDKPL,1,18,,,,
1058,EDVRLIREQ,1,18,,,,
1059,EEELAKDPR,1,18,,,,
1060,EEGKLVIWI,1,18,,,,
1061,EEIPALDKE,1,18,,,,
1062,EEKFPQVAA,1,18,,,,
1063,EELAKDPRI,1,18,,,,
1064,EFLENYLLT,1,18,,,,
1065,EGKLVIWIN,1,18,,,,
1066,EGLEAVNKD,1,18,,,,
1067,EHPDKLEEK,1,18,,,,
1068,EIMPNIPQM,1,18,,,,
1069,EIPALDKEL,1,18,,,,
1070,EKDTGIKVT,1,18,,,,
1071,EKFPQVAAT,1,18,,,,
1072,ELAKDPRIA,1,18,,,,
1073,ELAKEFLEN,1,18,,,,
1074,ELKAKGKSA,1,18,,,,
1075,ENAQKGEIM,1,18,,,,
1076,ENYLLTDEG,1,18,,,,
1077,EPYFTWPLI,1,18,,,,
1078,EQHPTKIPV,1,18,,,,
1079,EQRVEDVRL,1,18,,,,
1080,ETAMTINGP,1,18,,,,
1081,EVGKKFEKD,1,18,,,,
1082,EVYESEKDE,1,18,,,,
1083,FEKDTGIKV,1,18,,,,
1084,FEQRVEDVR,1,18,,,,
1085,FFLLVNGHS,1,18,,,,
1086,FGGYAQSGL,1,18,,,,
1087,FKGQPSKPF,1,18,,,,
1088,FKIKRHTPL,1,18,,,,
1089,FKQRRTFEQ,1,18,,,,
1090,FLENYLLTD,1,18,,,,
1091,FLLVNGHSM,1,18,,,,
1092,FLVDLIKNK,1,18,,,,
1093,FNKGETAMT,1,18,,,,
1094,FNLQEPYFT,1,18,,,,
1095,FPQVAATGD,1,18,,,,
1096,FQDKLYPFT,1,18,,,,
1097,FTWPLIAAD,1,18,,,,
1098,FVGVLSAGI,1,18,,,,
1099,FWAHDRFGG,1,18,,,,
1100,GAKAGLTFL,1,18,,,,
1101,GDGPDIIFW,1,18,,,,
1102,GDKGYNGLA,1,18,,,,
1103,GEIMPNIPQ,1,18,,,,
1104,GETAMTING,1,18,,,,
1105,GGYAQSGLL,1,18,,,,
1106,GHSMVSVST,1,18,,,,
1107,GIKVTVEHP,1,18,,,,
1108,GKKFEKDTG,1,18,,,,
1109,GKLIAYPIA,1,18,,,,
1110,GKLVIWING,1,18,,,,
1111,GKSALMFNL,1,18,,,,
1112,GKYDIKDVG,1,18,,,,
1113,GLAEVGKKF,1,18,,,,
1114,GLEAVNKDK,1,18,,,,
1115,GLTFLVDLI,1,18,,,,
1116,GPDIIFWAH,1,18,,,,
1117,GPWAWSNID,1,18,,,,
1118,GQPSKPFVG,1,18,,,,
1119,GVDNAGAKA,1,18,,,,
1120,GVEDDSRAL,1,18,,,,
1121,GVTVLPTFK,1,18,,,,
1122,GYAQSGLLA,1,18,,,,
1123,GYNGLAEVG,1,18,,,,
1124,HDRFGGYAQ,1,18,,,,
1125,HPDKLEEKF,1,18,,,,
1126,HPTKIPVII,1,18,,,,
1127,HVNMSELIK,1,18,,,,
1128,IAADGGYAF,1,18,,,,
1129,IAATMENAQ,1,18,,,,
1130,IAEAAFNKG,1,18,,,,
1131,IAVEALSLI,1,18,,,,
1132,IAYPIAVEA,1,18,,,,
1133,IDVFQQQTG,1,18,,,,
1134,IEEGKLVIW,1,18,,,,
1135,IFWAHDRFG,1,18,,,,
1136,IIFWAHDRF,1,18,,,,
1137,IKDVGVDNA,1,18,,,,
1138,IKNKHMNAD,1,18,,,,
1139,IKVTVEHPD,1,18,,,,
1140,IMPNIPQMS,1,18,,,,
1141,INAASGRQT,1,18,,,,
1142,INGDKGYNG,1,18,,,,
1143,INGPWAWSN,1,18,,,,
1144,IPALDKELK,1,18,,,,
1145,IREQHPTKI,1,18,,,,
1146,IWINGDKGY,1,18,,,,
1147,IYNKDLLPN,1,18,,,,
1148,KAGLTFLVD,1,18,,,,
1149,KAKGKSALM,1,18,,,,
1150,KATAAAAAA,1,18,,,,
1151,KAYCERQGL,1,18,,,,
1152,KDKPLGAVA,1,18,,,,
1153,KDLLPNPPK,1,18,,,,
1154,KDPRIAATM,1,18,,,,
1155,KDTGIKVTV,1,18,,,,
1156,KDVGVDNAG,1,18,,,,
1157,KEFLENYLL,1,18,,,,
1158,KELAKEFLE,1,18,,,,
1159,KELKAKGKS,1,18,,,,
1160,KFEKDTGIK,1,18,,,,
1161,KFPQVAATG,1,18,,,,
1162,KGEIMPNIP,1,18,,,,
1163,KGETAMTIN,1,18,,,,
1164,KGKSALMFN,1,18,,,,
1165,KGQPSKPFV,1,18,,,,
1166,KGYNGLAEV,1,18,,,,
1167,KIEEGKLVI,1,18,,,,
1168,KIKRHTPLS,1,18,,,,
1169,KKFEKDTGI,1,18,,,,
1170,KLEEKFPQV,1,18,,,,
1171,KLIAYPIAV,1,18,,,,
1172,KLVIWINGD,1,18,,,,
1173,KLYPFTWDA,1,18,,,,
1174,KNKHMNADT,1,18,,,,
1175,KPFVGVLSA,1,18,,,,
1176,KPLGAVALK,1,18,,,,
1177,KQRRTFEQR,1,18,,,,
1178,KSALMFNLQ,1,18,,,,
1179,KTWEEIPAL,1,18,,,,
1180,KVTVEHPDK,1,18,,,,
1181,KYDIKDVGV,1,18,,,,
1182,LAEVGKKFE,1,18,,,,
1183,LAKDPRIAA,1,18,,,,
1184,LAKEFLENY,1,18,,,,
1185,LDKELKAKG,1,18,,,,
1186,LEAVNKDKP,1,18,,,,
1187,LEEKFPQVA,1,18,,,,
1188,LENYLLTDE,1,18,,,,
1189,LIAADGGYA,1,18,,,,
1190,LIAYPIAVE,1,18,,,,
1191,LIKNKHMNA,1,18,,,,
1192,LIREQHPTK,1,18,,,,
1193,LIYNKDLLP,1,18,,,,
1194,LKAKGKSAL,1,18,,,,
1195,LLPNPPKTW,1,18,,,,
1196,LLTDEGLEA,1,18,,,,
1197,LLVNGHSMV,1,18,,,,
1198,LMFNLQEPY,1,18,,,,
1199,LNANQAFFL,1,18,,,,
1200,LPNPPKTWE,1,18,,,,
1201,LPTFKGQPS,1,18,,,,
1202,LQEPYFTWP,1,18,,,,
1203,LQLNANQAF,1,18,,,,
1204,LSLIYNKDL,1,18,,,,
1205,LTDEGLEAV,1,18,,,,
1206,LTFLVDLIK,1,18,,,,
1207,LVDLIKNKH,1,18,,,,
1208,LVIWINGDK,1,18,,,,
1209,LVNGHSMVS,1,18,,,,
1210,LYPFTWDAV,1,18,,,,
1211,MENAQKGEI,1,18,,,,
1212,MFNLQEPYF,1,18,,,,
1213,MKAYCERQG,1,18,,,,
1214,MPNIPQMSA,1,18,,,,
1215,MTINGPWAW,1,18,,,,
1216,NAASGRQTV,1,18,,,,
1217,NAGAKAGLT,1,18,,,,
1218,NANQAFFLL,1,18,,,,
1219,NAQKGEIMP,1,18,,,,
1220,NGDKGYNGL,1,18,,,,
1221,NGHSMVSVS,1,18,,,,
1222,NGKLIAYPI,1,18,,,,
1223,NGLAEVGKK,1,18,,,,
1224,NGPWAWSNI,1,18,,,,
1225,NIPQMSAFW,1,18,,,,
1226,NKDKPLGAV,1,18,,,,
1227,NKDLLPNPP,1,18,,,,
1228,NKELAKEFL,1,18,,,,
1229,NKGETAMTI,1,18,,,,
1230,NKHMNADTD,1,18,,,,
1231,NLQEPYFTW,1,18,,,,
1232,NMSELIKII,1,18,,,,
1233,NPPKTWEEI,1,18,,,,
1234,NQAFFLLVN,1,18,,,,
1235,NYLLTDEGL,1,18,,,,
1236,PALDKELKA,1,18,,,,
1237,PDIIFWAHD,1,18,,,,
1238,PDKLEEKFP,1,18,,,,
1239,PFVGVLSAG,1,18,,,,
1240,PIAVEALSL,1,18,,,,
1241,PKTWEEIPA,1,18,,,,
1242,PLGAVALKS,1,18,,,,
1243,PLIAADGGY,1,18,,,,
1244,PNIPQMSAF,1,18,,,,
1245,PNKELAKEF,1,18,,,,
1246,PNPPKTWEE,1,18,,,,
1247,PPKTWEEIP,1,18,,,,
1248,PQVAATGDG,1,18,,,,
1249,PRIAATMEN,1,18,,,,
1250,PSKPFVGVL,1,18,,,,
1251,PTFKGQPSK,1,18,,,,
1252,PTKIPVIIE,1,18,,,,
1253,PWAWSNIDT,1,18,,,,
1254,PYFTWPLIA,1,18,,,,
1255,QAFFLLVNG,1,18,,,,
1256,QDKLYPFTW,1,18,,,,
1257,QEPYFTWPL,1,18,,,,
1258,QFKIKRHTP,1,18,,,,
1259,QHPTKIPVI,1,18,,,,
1260,QKGEIMPNI,1,18,,,,
1261,QLNANQAFF,1,18,,,,
1262,QPSKPFVGV,1,18,,,,
1263,QRRTFEQRV,1,18,,,,
1264,QRVEDVRLI,1,18,,,,
1265,QSGLLAEIT,1,18,,,,
1266,QVAATGDGP,1,18,,,,
1267,REQHPTKIP,1,18,,,,
1268,RFGGYAQSG,1,18,,,,
1269,RIAATMENA,1,18,,,,
1270,RLIREQHPT,1,18,,,,
1271,RLQLNANQA,1,18,,,,
1272,RRLQLNANQ,1,18,,,,
1273,RRTFEQRVE,1,18,,,,
1274,RTAVINAAS,1,18,,,,
1275,RTFEQRVED,1,18,,,,
1276,RVEDVRLIR,1,18,,,,
1277,SALMFNLQE,1,18,,,,
1278,SEKDEDGFL,1,18,,,,
1279,SGLLAEITP,1,18,,,,
1280,SIAEAAFNK,1,18,,,,
1281,SKPFVGVLS,1,18,,,,
1282,SLFRSGSRQ,1,18,,,,
1283,SLIYNKDLL,1,18,,,,
1284,SPNKELAKE,1,18,,,,
1285,SRSRSRRRS,1,18,,,,
1286,TAMTINGPW,1,18,,,,
1287,TAVINAASG,1,18,,,,
1288,TDEGLEAVN,1,18,,,,
1289,TFEQRVEDV,1,18,,,,
1290,TFKGQPSKP,1,18,,,,
1291,TFLVDLIKN,1,18,,,,
1292,TGDGPDIIF,1,18,,,,
1293,TGIKVTVEH,1,18,,,,
1294,TINGPWAWS,1,18,,,,
1295,TKIPVIIER,1,18,,,,
1296,TMENAQKGE,1,18,,,,
1297,TVEHPDKLE,1,18,,,,
1298,TVLPTFKGQ,1,18,,,,
1299,TWEEIPALD,1,18,,,,
1300,TWPLIAADG,1,18,,,,
1301,VAATGDGPD,1,18,,,,
1302,VDLIKNKHM,1,18,,,,
1303,VDNAGAKAG,1,18,,,,
1304,VEALSLIYN,1,18,,,,
1305,VEDVRLIRE,1,18,,,,
1306,VEHPDKLEE,1,18,,,,
1307,VGKKFEKDT,1,18,,,,
1308,VGVDNAGAK,1,18,,,,
1309,VINAASGRQ,1,18,,,,
1310,VIWINGDKG,1,18,,,,
1311,VLPTFKGQP,1,18,,,,
1312,VNGHSMVSV,1,18,,,,
1313,VNKDKPLGA,1,18,,,,
1314,VNMSELIKI,1,18,,,,
1315,VRLIREQHP,1,18,,,,
1316,VRTAVINAA,1,18,,,,
1317,VTVEHPDKL,1,18,,,,
1318,VTVLPTFKG,1,18,,,,
1319,VYESEKDED,1,18,,,,
1320,WAHDRFGGY,1,18,,,,
1321,WAWSNIDTS,1,18,,,,
1322,WEEIPALDK,1,18,,,,
1323,WINGDKGYN,1,18,,,,
1324,WPLIAADGG,1,18,,,,
1325,YAQSGLLAE,1,18,,,,
1326,YCERQGLSM,1,18,,,,
1327,YDIKDVGVD,1,18,,,,
1328,YFTWPLIAA,1,18,,,,
1329,YLLTDEGLE,1,18,,,,
1330,YNGLAEVGK,1,18,,,,
1331,YNKDLLPNP,1,18,,,,
1332,YPFTWDAVR,1,18,,,,
1333,YPIAVEALS,1,18,,,,
1334,ADGGYAFKY,1,17,,,,
1335,ADTDYSIAE,1,17,,,,
1336,AFWYAVRTA,1,17,,,,
1337,ALKSYEEEL,1,17,,,,
1338,AVALKSYEE,1,17,,,,
1339,AVRYNGKLI,1,17,,,,
1340,DAVRYNGKL,1,17,,,,
1341,DTDYSIAEA,1,17,,,,
1342,DYSIAEAAF,1,17,,,,
1343,ESEKDEDGF,1,17,,,,
1344,FTWDAVRYN,1,17,,,,
1345,FWYAVRTAV,1,17,,,,
1346,GAVALKSYE,1,17,,,,
1347,HMNADTDYS,1,17,,,,
1348,IPQMSAFWY,1,17,,,,
1349,KHMNADTDY,1,17,,,,
1350,KSYEEELAK,1,17,,,,
1351,LGAVALKSY,1,17,,,,
1352,LKSYEEELA,1,17,,,,
1353,MNADTDYSI,1,17,,,,
1354,MSAFWYAVR,1,17,,,,
1355,MSELIKIIR,1,17,,,,
1356,NADTDYSIA,1,17,,,,
1357,NYGVTVLPT,1,17,,,,
1358,PFTWDAVRY,1,17,,,,
1359,PQMSAFWYA,1,17,,,,
1360,QMSAFWYAV,1,17,,,,
1361,RRRLQLNAN,1,17,,,,
1362,RYNGKLIAY,1,17,,,,
1363,SAFWYAVRT,1,17,,,,
1364,SYEEELAKD,1,17,,,,
1365,TDYSIAEAA,1,17,,,,
1366,TWDAVRYNG,1,17,,,,
1367,VALKSYEEE,1,17,,,,
1368,VAVREAGAL,1,17,,,,
1369,VNYGVTVLP,1,17,,,,
1370,VRYNGKLIA,1,17,,,,
1371,WDAVRYNGK,1,17,,,,
1372,WYAVRTAVI,1,17,,,,
1373,YAVRTAVIN,1,17,,,,
1374,YEEELAKDP,1,17,,,,
1375,YESEKDEDG,1,17,,,,
1376,YGVTVLPTF,1,17,,,,
1377,YNGKLIAYP,1,17,,,,
1378,YSIAEAAFN,1,17,,,,
1379,EGEKIRKKY,1,16,,,,
1380,EKIRKKYPD,1,16,,,,
1381,ELIKIIRRR,1,16,,,,
1382,GEKIRKKYP,1,16,,,,
1383,IETPGLAIP,1,16,,,,
1384,IKIIRRRLQ,1,16,,,,
1385,IRKKYPDRV,1,16,,,,
1386,IRRRLQLNA,1,16,,,,
1387,KIRKKYPDR,1,16,,,,
1388,LIKIIRRRL,1,16,,,,
1389,LLLLLLLVT,1,16,,,,
1390,LLLLLLPPR,1,16,,,,
1391,RKKYPDRVP,1,16,,,,
1392,SELIKIIRR,1,16,,,,
1393,AAAAASATS,1,15,,,,
1394,DALFFFVNN,1,15,,,,
1395,EDALFFFVN,1,15,,,,
1396,EEPEEEDDS,1,15,,,,
1397,HSLRTGLSA,1,15,,,,
1398,KYLVPSDLT,1,15,,,,
1399,LLLLLLLPS,1,15,,,,
1400,LVLVSLVLL,1,15,,,,
1401,NLVDMERKN,1,15,,,,
1402,PPPSGGPGP,1,15,,,,
1403,PRPPPPPPP,1,15,,,,
1404,PTSATMGQL,1,15,,,,
1405,TSATMGQLY,1,15,,,,
1406,VYASQETFG,1,15,,,,
1407,ATARRLARG,1,14,,,,
1408,DLTVGQFYF,1,14,,,,
1409,EKPKEGVKT,1,14,,,,
1410,IPPTSATMG,1,14,,,,
1411,KKYPDRVPV,1,14,,,,
1412,KPKEGVKTE,1,14,,,,
1413,LIRKRIHLR,1,14,,,,
1414,LTVGQFYFL,1,14,,,,
1415,LVPSDLTVG,1,14,,,,
1416,PKEGVKTEN,1,14,,,,
1417,PPTSATMGQ,1,14,,,,
1418,PSDLTVGQF,1,14,,,,
1419,RTGHHHHHH,1,14,,,,
1420,SDLTVGQFY,1,14,,,,
1421,TVGQFYFLI,1,14,,,,
1422,VGQFYFLIR,1,14,,,,
1423,VPSDLTVGQ,1,14,,,,
1424,YLVPSDLTV,1,14,,,,
1425,AKQPPVPPP,1,13,,,,
1426,FLIRKRIHL,1,13,,,,
1427,FYFLIRKRI,1,13,,,,
1428,GAVRKIRSL,1,13,,,,
1429,GQFYFLIRK,1,13,,,,
1430,IVEKAPKAR,1,13,,,,
1431,KGGGGGGGG,1,13,,,,
1432,PPPPGGPPD,1,13,,,,
1433,PPRPPPPPP,1,13,,,,
1434,QFYFLIRKR,1,13,,,,
1435,SQQTPVPPP,1,13,,,,
1436,VPPPRKKRI,1,13,,,,
1437,YFLIRKRIH,1,13,,,,
1438,ALITQQDLA,1,12,,,,
1439,DRASSGDDA,1,12,,,,
1440,HHHHHHHGS,1,12,,,,
1441,LLLATLVGL,1,12,,,,
1442,PAPAPEPEP,1,12,,,,
1443,PRGSHHHHH,1,12,,,,
1444,SRRRSRSRS,1,12,,,,
1445,TRTGHHHHH,1,12,,,,
1446,VIVEKAPKA,1,12,,,,
1447,ASTTPASTT,1,11,,,,
1448,EGIPPQQQR,1,11,,,,
1449,GGASGRSTP,1,11,,,,
1450,GIPPQQQRL,1,11,,,,
1451,GKPIPNPLL,1,11,,,,
1452,GVASAASAG,1,11,,,,
1453,HHHHHHGSG,1,11,,,,
1454,IPNPLLGLD,1,11,,,,
1455,IPPQQQRLI,1,11,,,,
1456,KEGIPPQQQ,1,11,,,,
1457,KPIPNPLLG,1,11,,,,
1458,LHGGKDAAS,1,11,,,,
1459,LLLPLLAAV,1,11,,,,
1460,NPLLGLDST,1,11,,,,
1461,PIPNPLLGL,1,11,,,,
1462,PLLLGLLLL,1,11,,,,
1463,PNPLLGLDS,1,11,,,,
1464,PVIVEKAPK,1,11,,,,
1465,RVPVIVEKA,1,11,,,,
1466,SGGASGRST,1,11,,,,
1467,VPVIVEKAP,1,11,,,,
1468,AAPLEPAPP,1,10,,,,
1469,AEITPDKAF,1,10,,,,
1470,AFKYENGKY,1,10,,,,
1471,ATAAAAAAG,1,10,,,,
1472,AWSNIDTSK,1,10,,,,
1473,CLALFRVAV,1,10,,,,
1474,DGGYAFKYE,1,10,,,,
1475,DIEPTDKVE,1,10,,,,
1476,DKAFQDKLY,1,10,,,,
1477,DKVERIKER,1,10,,,,
1478,DSTRTGHHH,1,10,,,,
1479,DTSKVNYGV,1,10,,,,
1480,EEEELTLTI,1,10,,,,
1481,EEELTLTIL,1,10,,,,
1482,EEKEGIPPQ,1,10,,,,
1483,EITPDKAFQ,1,10,,,,
1484,EKEGIPPQQ,1,10,,,,
1485,ENGKYDIKD,1,10,,,,
1486,EPTDKVERI,1,10,,,,
1487,ERIKERVEE,1,10,,,,
1488,ERVEEKEGI,1,10,,,,
1489,EVLLEKKGC,1,10,,,,
1490,FKYENGKYD,1,10,,,,
1491,GGGGSGGGR,1,10,,,,
1492,GGYAFKYEN,1,10,,,,
1493,GLDSTRTGH,1,10,,,,
1494,GLLAEITPD,1,10,,,,
1495,GYAFKYENG,1,10,,,,
1496,HENLYFQGS,1,10,,,,
1497,IDTSKVNYG,1,10,,,,
1498,IEPTDKVER,1,10,,,,
1499,IKERVEEKE,1,10,,,,
1500,IKVKTLTGK,1,10,,,,
1501,ISRLLDLVV,1,10,,,,
1502,ITPDKAFQD,1,10,,,,
1503,KAFQDKLYP,1,10,,,,
1504,KEGEKIRKK,1,10,,,,
1505,KERVEEKEG,1,10,,,,
1506,KKEGEKIRK,1,10,,,,
1507,KTLTGKEIE,1,10,,,,
1508,KVERIKERV,1,10,,,,
1509,KVKTLTGKE,1,10,,,,
1510,KVNYGVTVL,1,10,,,,
1511,KYENGKYDI,1,10,,,,
1512,LAEITPDKA,1,10,,,,
1513,LASILSSGP,1,10,,,,
1514,LDSTRTGHH,1,10,,,,
1515,LGLDSTRTG,1,10,,,,
1516,LIKVKTLTG,1,10,,,,
1517,LLAEITPDK,1,10,,,,
1518,LLGLDSTRT,1,10,,,,
1519,LVVMLLLTA,1,10,,,,
1520,LYSVGARQK,1,10,,,,
1521,MKIEEGKLV,1,10,,,,
1522,NGKYDIKDV,1,10,,,,
1523,NIDTSKVNY,1,10,,,,
1524,NNDHINLKV,1,10,,,,
1525,PAVVRQVRR,1,10,,,,
1526,PDKAFQDKL,1,10,,,,
1527,PLLGLDSTR,1,10,,,,
1528,PPQQQRLIY,1,10,,,,
1529,PQQQRLIYS,1,10,,,,
1530,PTDKVERIK,1,10,,,,
1531,PVSPAPTTP,1,10,,,,
1532,QEDAARLQA,1,10,,,,
1533,QQQRLIYSG,1,10,,,,
1534,QQRLIYSGK,1,10,,,,
1535,QRLIYSGKQ,1,10,,,,
1536,RIKERVEEK,1,10,,,,
1537,RKKEGEKIR,1,10,,,,
1538,RRGPAVPPA,1,10,,,,
1539,RVEEKEGIP,1,10,,,,
1540,SGSGPGPSP,1,10,,,,
1541,SKVNYGVTV,1,10,,,,
1542,SNIDTSKVN,1,10,,,,
1543,SSLEHHHHH,1,10,,,,
1544,SSSESSAAG,1,10,,,,
1545,STRTGHHHH,1,10,,,,
1546,SVLPLLLTS,1,10,,,,
1547,TDKVERIKE,1,10,,,,
1548,TPDKAFQDK,1,10,,,,
1549,TSKVNYGVT,1,10,,,,
1550,VAAAAPALP,1,10,,,,
1551,VEEKEGIPP,1,10,,,,
1552,VERIKERVE,1,10,,,,
1553,VKTLTGKEI,1,10,,,,
1554,VLPLLLTSS,1,10,,,,
1555,WSNIDTSKV,1,10,,,,
1556,YAFKYENGK,1,10,,,,
1557,YENGKYDIK,1,10,,,,
1558,AGRTALSIA,1,9,,,,
1559,ALFFFVNNT,1,9,,,,
1560,APKARVPDL,1,9,,,,
1561,DYKDDDDKL,1,9,,,,
1562,EIDIEPTDK,1,9,,,,
1563,EIEIDIEPT,1,9,,,,
1564,EKAPKARVP,1,9,,,,
1565,ENNDHINLK,1,9,,,,
1566,FFFVNNTIP,1,9,,,,
1567,FFVNNTIPP,1,9,,,,
1568,FGFSNLFTP,1,9,,,,
1569,FVNNTIPPT,1,9,,,,
1570,GGGGGGGGW,1,9,,,,
1571,GKEIEIDIE,1,9,,,,
1572,GPPIIPPPP,1,9,,,,
1573,GSPHHRNVY,1,9,,,,
1574,GSTAHAAAG,1,9,,,,
1575,HLRPEDALF,1,9,,,,
1576,IDIEPTDKV,1,9,,,,
1577,IEIDIEPTD,1,9,,,,
1578,IHLRPEDAL,1,9,,,,
1579,KAPKARVPD,1,9,,,,
1580,KEIEIDIEP,1,9,,,,
1581,KKLEHHHHH,1,9,,,,
1582,LFFFVNNTI,1,9,,,,
1583,LLLFLSLAD,1,9,,,,
1584,LRPEDALFF,1,9,,,,
1585,LTGKEIEID,1,9,,,,
1586,MLIKVKTLT,1,9,,,,
1587,NNTIPPTSA,1,9,,,,
1588,NTIPPTSAT,1,9,,,,
1589,PEDALFFFV,1,9,,,,
1590,PKARVPDLD,1,9,,,,
1591,PPIIPPPPP,1,9,,,,
1592,RIHLRPEDA,1,9,,,,
1593,RKYLVPSDL,1,9,,,,
1594,RPEDALFFF,1,9,,,,
1595,SATMGQLYE,1,9,,,,
1596,SRSHHHHHH,1,9,,,,
1597,SVILLDTLL,1,9,,,,
1598,TENNDHINL,1,9,,,,
1599,TGKEIEIDI,1,9,,,,
1600,TIPPTSATM,1,9,,,,
1601,TLTGKEIEI,1,9,,,,
1602,VEKAPKARV,1,9,,,,
1603,VLALLSLSG,1,9,,,,
1604,VNNTIPPTS,1,9,,,,
1605,ADEKPKEGV,1,8,,,,
1606,ARVPDLDKR,1,8,,,,
1607,ATLVLAYLM,1,8,,,,
1608,ATMGQLYED,1,8,,,,
1609,DEKPKEGVK,1,8,,,,
1610,DEKTAADYK,1,8,,,,
1611,DKLAAALEH,1,8,,,,
1612,DLDKRKYLV,1,8,,,,
1613,EGKPIPNPL,1,8,,,,
1614,EKTAADYKI,1,8,,,,
1615,ELEVLAELE,1,8,,,,
1616,ETKGIKQDL,1,8,,,,
1617,GGSVLHLVL,1,8,,,,
1618,GKQMNDEKT,1,8,,,,
1619,GLETKGIKQ,1,8,,,,
1620,GSRSHHHHH,1,8,,,,
1621,HHHHHHHHE,1,8,,,,
1622,IRKRIHLRP,1,8,,,,
1623,IYSGKQMND,1,8,,,,
1624,KARVPDLDK,1,8,,,,
1625,KEGVKTENN,1,8,,,,
1626,KQMNDEKTA,1,8,,,,
1627,KRIHLRPED,1,8,,,,
1628,LDKRKYLVP,1,8,,,,
1629,LETKGIKQD,1,8,,,,
1630,LIYSGKQMN,1,8,,,,
1631,LLGADTQGS,1,8,,,,
1632,LQAYLEEHA,1,8,,,,
1633,MADEKPKEG,1,8,,,,
1634,NDEKTAADY,1,8,,,,
1635,NVRLVPTGL,1,8,,,,
1636,PDLDKRKYL,1,8,,,,
1637,PLPSTPAPP,1,8,,,,
1638,QAYLEEHAE,1,8,,,,
1639,QMNDEKTAA,1,8,,,,
1640,RKRIHLRPE,1,8,,,,
1641,RLIYSGKQM,1,8,,,,
1642,RLQAYLEEH,1,8,,,,
1643,RNVRLVPTG,1,8,,,,
1644,RSRSAVTLP,1,8,,,,
1645,RSRSRRRSR,1,8,,,,
1646,RVPDLDKRK,1,8,,,,
1647,SGKQMNDEK,1,8,,,,
1648,TGPSSPLPA,1,8,,,,
1649,TKGIKQDLI,1,8,,,,
1650,VAASKVKAD,1,8,,,,
1651,VLLCALAAA,1,8,,,,
1652,VPDLDKRKY,1,8,,,,
1653,VRSLPLLLS,1,8,,,,
1654,YSGKQMNDE,1,8,,,,
1655,AAAAAGTQG,1,7,,,,
1656,AADYKILGG,1,7,,,,
1657,AAGITLGMD,1,7,,,,
1658,ADHYQQNTP,1,7,,,,
1659,ADKQKNGIK,1,7,,,,
1660,ADYKILGGS,1,7,,,,
1661,AELKQECLA,1,7,,,,
1662,AEVKFEGDT,1,7,,,,
1663,AGITLGMDE,1,7,,,,
1664,AGVETTTSV,1,7,,,,
1665,ALSKDPNEK,1,7,,,,
1666,AMPEGYVQE,1,7,,,,
1667,ARGLETKGI,1,7,,,,
1668,ASGRQTVDE,1,7,,,,
1669,ATYGKLTLK,1,7,,,,
1670,AYLEEHAEE,1,7,,,,
1671,CFSRYPDHM,1,7,,,,
1672,CLARGLETK,1,7,,,,
1673,CTTGKLPVP,1,7,,,,
1674,DATYGKLTL,1,7,,,,
1675,DDGNYKTRA,1,7,,,,
1676,DFFKSAMPE,1,7,,,,
1677,DFKEDGNIL,1,7,,,,
1678,DGDVNGHKF,1,7,,,,
1679,DGNILGHKL,1,7,,,,
1680,DGNYKTRAE,1,7,,,,
1681,DGPVLLPDN,1,7,,,,
1682,DGSVQLADH,1,7,,,,
1683,DHMKQHDFF,1,7,,,,
1684,DHMVLLEFV,1,7,,,,
1685,DHYQQNTPI,1,7,,,,
1686,DNHEEDYFL,1,7,,,,
1687,DNHYLSTQS,1,7,,,,
1688,DPNEKRDHM,1,7,,,,
1689,DTLVNRIEL,1,7,,,,
1690,DVLGDETEE,1,7,,,,
1691,DVNGHKFSV,1,7,,,,
1692,DYFLYVAYS,1,7,,,,
1693,DYKILGGSV,1,7,,,,
1694,ECLARGLET,1,7,,,,
1695,EDGNILGHK,1,7,,,,
1696,EDGSVQLAD,1,7,,,,
1697,EDNHEEDYF,1,7,,,,
1698,EDVLGDETE,1,7,,,,
1699,EDYFLYVAY,1,7,,,,
1700,EEDYFLYVA,1,7,,,,
1701,EEHAEEEAN,1,7,,,,
1702,EELFTGVVP,1,7,,,,
1703,EFVTAAGIT,1,7,,,,
1704,EGDATYGKL,1,7,,,,
1705,EGDTLVNRI,1,7,,,,
1706,EGEGDATYG,1,7,,,,
1707,EGVKTENND,1,7,,,,
1708,EGYVQERTI,1,7,,,,
1709,EHAEEEANE,1,7,,,,
1710,EKRDHMVLL,1,7,,,,
1711,ELDGDVNGH,1,7,,,,
1712,ELFTGVVPI,1,7,,,,
1713,ELKGIDFKE,1,7,,,,
1714,ELKQECLAR,1,7,,,,
1715,ENLYFQGSK,1,7,,,,
1716,ERTIFFKDD,1,7,,,,
1717,EVKFEGDTL,1,7,,,,
1718,EYNYNSHNV,1,7,,,,
1719,FEGDTLVNR,1,7,,,,
1720,FFKDDGNYK,1,7,,,,
1721,FFKSAMPEG,1,7,,,,
1722,FICTTGKLP,1,7,,,,
1723,FKDDGNYKT,1,7,,,,
1724,FKEDGNILG,1,7,,,,
1725,FKIRHNIED,1,7,,,,
1726,FKSAMPEGY,1,7,,,,
1727,FSRYPDHMK,1,7,,,,
1728,FSVSGEGEG,1,7,,,,
1729,FTGVVPILV,1,7,,,,
1730,FVTAAGITL,1,7,,,,
1731,GDATYGKLT,1,7,,,,
1732,GDGPVLLPD,1,7,,,,
1733,GDTLVNRIE,1,7,,,,
1734,GDVNGHKFS,1,7,,,,
1735,GEELFTGVV,1,7,,,,
1736,GEGDATYGK,1,7,,,,
1737,GEGEGDATY,1,7,,,,
1738,GHKFSVSGE,1,7,,,,
1739,GHKLEYNYN,1,7,,,,
1740,GIDFKEDGN,1,7,,,,
1741,GITLGMDEL,1,7,,,,
1742,GKLPVPWPT,1,7,,,,
1743,GKLTLKFIC,1,7,,,,
1744,GNILGHKLE,1,7,,,,
1745,GNYKTRAEV,1,7,,,,
1746,GPVLLPDNH,1,7,,,,
1747,GQLYEDNHE,1,7,,,,
1748,GRQTVDEAL,1,7,,,,
1749,GSVQLADHY,1,7,,,,
1750,GVKTENNDH,1,7,,,,
1751,GVQCFSRYP,1,7,,,,
1752,GVVPILVEL,1,7,,,,
1753,GYVQERTIF,1,7,,,,
1754,HDFFKSAMP,1,7,,,,
1755,HEEDYFLYV,1,7,,,,
1756,HHHHHHGSS,1,7,,,,
1757,HKFSVSGEG,1,7,,,,
1758,HKLEYNYNS,1,7,,,,
1759,HMKQHDFFK,1,7,,,,
1760,HMVLLEFVT,1,7,,,,
1761,HNIEDGSVQ,1,7,,,,
1762,HYKKYLAKL,1,7,,,,
1763,HYLSTQSAL,1,7,,,,
1764,HYQQNTPIG,1,7,,,,
1765,ICTTGKLPV,1,7,,,,
1766,IDFKEDGNI,1,7,,,,
1767,IEDGSVQLA,1,7,,,,
1768,IELKGIDFK,1,7,,,,
1769,IFFKDDGNY,1,7,,,,
1770,IGDGPVLLP,1,7,,,,
1771,ILGGSVLHL,1,7,,,,
1772,ILGHKLEYN,1,7,,,,
1773,ILVELDGDV,1,7,,,,
1774,IRHNIEDGS,1,7,,,,
1775,KDDGNYKTR,1,7,,,,
1776,KDPNEKRDH,1,7,,,,
1777,KEDGNILGH,1,7,,,,
1778,KFEGDTLVN,1,7,,,,
1779,KFICTTGKL,1,7,,,,
1780,KFSVSGEGE,1,7,,,,
1781,KGEELFTGV,1,7,,,,
1782,KGIDFKEDG,1,7,,,,
1783,KILGGSVLH,1,7,,,,
1784,KIRHNIEDG,1,7,,,,
1785,KLAELKQEC,1,7,,,,
1786,KLEYNYNSH,1,7,,,,
1787,KLPVPWPTL,1,7,,,,
1788,KLTLKFICT,1,7,,,,
1789,KQECLARGL,1,7,,,,
1790,KQHDFFKSA,1,7,,,,
1791,KRDHMVLLE,1,7,,,,
1792,KSAMPEGYV,1,7,,,,
1793,KTAADYKIL,1,7,,,,
1794,KTENNDHIN,1,7,,,,
1795,KTRAEVKFE,1,7,,,,
1796,LADHYQQNT,1,7,,,,
1797,LAELKQECL,1,7,,,,
1798,LARGLETKG,1,7,,,,
1799,LDGDVNGHK,1,7,,,,
1800,LEEHAEEEA,1,7,,,,
1801,LEFVTAAGI,1,7,,,,
1802,LEYNYNSHN,1,7,,,,
1803,LFTGVVPIL,1,7,,,,
1804,LGGSVLHLV,1,7,,,,
1805,LGHKLEYNY,1,7,,,,
1806,LKFICTTGK,1,7,,,,
1807,LKGIDFKED,1,7,,,,
1808,LKQECLARG,1,7,,,,
1809,LLEFVTAAG,1,7,,,,
1810,LLPDNHYLS,1,7,,,,
1811,LPDNHYLST,1,7,,,,
1812,LPVPWPTLV,1,7,,,,
1813,LSKDPNEKR,1,7,,,,
1814,LSTQSALSK,1,7,,,,
1815,LTLKFICTT,1,7,,,,
1816,LTVVAVTIG,1,7,,,,
1817,LVELDGDVN,1,7,,,,
1818,LVNRIELKG,1,7,,,,
1819,LVVAQLLLV,1,7,,,,
1820,LYEDNHEED,1,7,,,,
1821,MGQLYEDNH,1,7,,,,
1822,MKQHDFFKS,1,7,,,,
1823,MNDEKTAAD,1,7,,,,
1824,MPEGYVQER,1,7,,,,
1825,MVLLEFVTA,1,7,,,,
1826,NEKRDHMVL,1,7,,,,
1827,NFKIRHNIE,1,7,,,,
1828,NGHKFSVSG,1,7,,,,
1829,NHEEDYFLY,1,7,,,,
1830,NHYLSTQSA,1,7,,,,
1831,NIEDGSVQL,1,7,,,,
1832,NILGHKLEY,1,7,,,,
1833,NRIELKGID,1,7,,,,
1834,NTPIGDGPV,1,7,,,,
1835,NYKTRAEVK,1,7,,,,
1836,NYNSHNVYI,1,7,,,,
1837,PDHMKQHDF,1,7,,,,
1838,PDNHYLSTQ,1,7,,,,
1839,PEGYVQERT,1,7,,,,
1840,PIGDGPVLL,1,7,,,,
1841,PILVELDGD,1,7,,,,
1842,PNEKRDHMV,1,7,,,,
1843,PPPRPPPPP,1,7,,,,
1844,PVLLPDNHY,1,7,,,,
1845,PVPWPTLVT,1,7,,,,
1846,PWPTLVTTL,1,7,,,,
1847,QCFSRYPDH,1,7,,,,
1848,QECLARGLE,1,7,,,,
1849,QERTIFFKD,1,7,,,,
1850,QHDFFKSAM,1,7,,,,
1851,QLADHYQQN,1,7,,,,
1852,QLYEDNHEE,1,7,,,,
1853,QNTPIGDGP,1,7,,,,
1854,QQNTPIGDG,1,7,,,,
1855,QSALSKDPN,1,7,,,,
1856,QSTGGSADL,1,7,,,,
1857,RAEVKFEGD,1,7,,,,
1858,RDHMVLLEF,1,7,,,,
1859,RGLETKGIK,1,7,,,,
1860,RGPRDSIIL,1,7,,,,
1861,RHNIEDGSV,1,7,,,,
1862,RIELKGIDF,1,7,,,,
1863,RTIFFKDDG,1,7,,,,
1864,RYLLLGLLL,1,7,,,,
1865,RYPDHMKQH,1,7,,,,
1866,SALSKDPNE,1,7,,,,
1867,SAMPEGYVQ,1,7,,,,
1868,SGEGEGDAT,1,7,,,,
1869,SGRQTVDEA,1,7,,,,
1870,SKDPNEKRD,1,7,,,,
1871,SKGEELFTG,1,7,,,,
1872,SPRGSRPRG,1,7,,,,
1873,SRSRSRSKG,1,7,,,,
1874,SRYPDHMKQ,1,7,,,,
1875,STQSALSKD,1,7,,,,
1876,SVQLADHYQ,1,7,,,,
1877,SVSGEGEGD,1,7,,,,
1878,TAADYKILG,1,7,,,,
1879,TAAGITLGM,1,7,,,,
1880,TGKLPVPWP,1,7,,,,
1881,TGVVPILVE,1,7,,,,
1882,TIFFKDDGN,1,7,,,,
1883,TLKFICTTG,1,7,,,,
1884,TLVNRIELK,1,7,,,,
1885,TMGQLYEDN,1,7,,,,
1886,TPIGDGPVL,1,7,,,,
1887,TQSALSKDP,1,7,,,,
1888,TRAEVKFEG,1,7,,,,
1889,TTGKLPVPW,1,7,,,,
1890,TYGKLTLKF,1,7,,,,
1891,VAETGSGKT,1,7,,,,
1892,VDKLAAALE,1,7,,,,
1893,VELDGDVNG,1,7,,,,
1894,VKFEGDTLV,1,7,,,,
1895,VKTENNDHI,1,7,,,,
1896,VLGDETEEE,1,7,,,,
1897,VLLEFVTAA,1,7,,,,
1898,VLLPDNHYL,1,7,,,,
1899,VNGHKFSVS,1,7,,,,
1900,VNRIELKGI,1,7,,,,
1901,VPILVELDG,1,7,,,,
1902,VPWPTLVTT,1,7,,,,
1903,VQCFSRYPD,1,7,,,,
1904,VQERTIFFK,1,7,,,,
1905,VQLADHYQQ,1,7,,,,
1906,VSGEGEGDA,1,7,,,,
1907,VSKGEELFT,1,7,,,,
1908,VTAAGITLG,1,7,,,,
1909,VVPILVELD,1,7,,,,
1910,YEDNHEEDY,1,7,,,,
1911,YFLYVAYSD,1,7,,,,
1912,YGKLTLKFI,1,7,,,,
1913,YKILGGSVL,1,7,,,,
1914,YKTRAEVKF,1,7,,,,
1915,YLEEHAEEE,1,7,,,,
1916,YLSTQSALS,1,7,,,,
1917,YNYNSHNVY,1,7,,,,
1918,YPDHMKQHD,1,7,,,,
1919,YQQNTPIGD,1,7,,,,
1920,YVQERTIFF,1,7,,,,
1921,AAAAAGAGS,1,6,,,,
1922,AEEEANEED,1,6,,,,
1923,AENELSRSV,1,6,,,,
1924,ANEEDVLGD,1,6,,,,
1925,APAVAAPAA,1,6,,,,
1926,DEALKDAQT,1,6,,,,
1927,EANEEDVLG,1,6,,,,
1928,EEANEEDVL,1,6,,,,
1929,EEDVLGDET,1,6,,,,
1930,EEEANEEDV,1,6,,,,
1931,ELSRSVNEF,1,6,,,,
1932,ENELSRSVN,1,6,,,,
1933,EVKTRASTV,1,6,,,,
1934,FLYVAYSDE,1,6,,,,
1935,GEEVGGVLE,1,6,,,,
1936,GSGKSTQVP,1,6,,,,
1937,GSVLHLVLA,1,6,,,,
1938,GTTVTVTSA,1,6,,,,
1939,HAEEEANEE,1,6,,,,
1940,HLVLALRGG,1,6,,,,
1941,ISYANVTGP,1,6,,,,
1942,KTAAIVNSI,1,6,,,,
1943,LGDETEEEE,1,6,,,,
1944,LHLVLALRG,1,6,,,,
1945,LHPPPPPPP,1,6,,,,
1946,LKAWGGKKE,1,6,,,,
1947,LLLLLAGVG,1,6,,,,
1948,LLLVVALPR,1,6,,,,
1949,LSRSVNEFL,1,6,,,,
1950,LYVAYSDES,1,6,,,,
1951,NAYGITPLF,1,6,,,,
1952,NEEDVLGDE,1,6,,,,
1953,NELSRSVNE,1,6,,,,
1954,PLLLLLLAS,1,6,,,,
1955,PWPLLLLLL,1,6,,,,
1956,QLRQWGAGL,1,6,,,,
1957,QTVDEALKD,1,6,,,,
1958,RQTVDEALK,1,6,,,,
1959,RRRRRSRSR,1,6,,,,
1960,RSRRRSRSR,1,6,,,,
1961,RSVNEFLSK,1,6,,,,
1962,SATASSEPA,1,6,,,,
1963,SELRCPTDC,1,6,,,,
1964,SRSRRRSRS,1,6,,,,
1965,SRSVNEFLS,1,6,,,,
1966,SVLHLVLAL,1,6,,,,
1967,SVNEFLSKL,1,6,,,,
1968,TGSGKSTQV,1,6,,,,
1969,TVDEALKDA,1,6,,,,
1970,VDEALKDAQ,1,6,,,,
1971,VKTRASTVS,1,6,,,,
1972,VLHLVLALR,1,6,,,,
1973,VLLLLLLLV,1,6,,,,
1974,VNEFLSKLQ,1,6,,,,
1975,AAAAAAAQG,1,5,,,,
1976,AASKPNSTV,1,5,,,,
1977,AASLSKTKS,1,5,,,,
1978,AEAAGRRVS,1,5,,,,
1979,ASKPNSTVP,1,5,,,,
1980,CHHCTSPAL,1,5,,,,
1981,CTSPALGED,1,5,,,,
1982,DELNPFHVL,1,5,,,,
1983,DPLTDEEDE,1,5,,,,
1984,DPRSPGRHR,1,5,,,,
1985,DTREGGRRD,1,5,,,,
1986,EAKPKRRKK,1,5,,,,
1987,EATASDVEL,1,5,,,,
1988,EDELNPFHV,1,5,,,,
1989,EDTREGGRR,1,5,,,,
1990,EGGRRDPRS,1,5,,,,
1991,ELNPFHVLG,1,5,,,,
1992,ELQPITGIK,1,5,,,,
1993,FCHHCTSPA,1,5,,,,
1994,FHVLGVEAT,1,5,,,,
1995,GAAVAAAAA,1,5,,,,
1996,GAPPFLASS,1,5,,,,
1997,GEAKPKRRK,1,5,,,,
1998,GGGSGGGRR,1,5,,,,
1999,GGRRDPRSP,1,5,,,,
2000,GPGPSPGTP,1,5,,,,
2001,GRRDPRSPG,1,5,,,,
2002,GVEATASDV,1,5,,,,
2003,HCTSPALGE,1,5,,,,
2004,HHCTSPALG,1,5,,,,
2005,HVLGVEATA,1,5,,,,
2006,IAVGLVPQY,1,5,,,,
2007,IPPPPPVEV,1,5,,,,
2008,KEDTREGGR,1,5,,,,
2009,KGEAKPKRR,1,5,,,,
2010,KPNSTVPKG,1,5,,,,
2011,LDSVVGSVP,1,5,,,,
2012,LGVEATASD,1,5,,,,
2013,LISLILLVS,1,5,,,,
2014,LNPFHVLGV,1,5,,,,
2015,NFCHHCTSP,1,5,,,,
2016,NPFHVLGVE,1,5,,,,
2017,NSTVPKGEA,1,5,,,,
2018,PEDELNPFH,1,5,,,,
2019,PERLASYRR,1,5,,,,
2020,PFHVLGVEA,1,5,,,,
2021,PKGEAKPKR,1,5,,,,
2022,PLSPTRAPP,1,5,,,,
2023,PNSTVPKGE,1,5,,,,
2024,PPGLPSDGD,1,5,,,,
2025,PPRALPPVP,1,5,,,,
2026,PRSPGRHRL,1,5,,,,
2027,QGSIIGVHL,1,5,,,,
2028,RDPRSPGRH,1,5,,,,
2029,REGGRRDPR,1,5,,,,
2030,RESSGSGVE,1,5,,,,
2031,RLRLLALLL,1,5,,,,
2032,RRDPRSPGR,1,5,,,,
2033,RSPGRHRLG,1,5,,,,
2034,SKPNSTVPK,1,5,,,,
2035,SNFCHHCTS,1,5,,,,
2036,SPGRHRLGR,1,5,,,,
2037,SSNFCHHCT,1,5,,,,
2038,STVPKGEAK,1,5,,,,
2039,TREGGRRDP,1,5,,,,
2040,TSPALGEDE,1,5,,,,
2041,TVPKGEAKP,1,5,,,,
2042,VEATASDVE,1,5,,,,
2043,VLGVEATAS,1,5,,,,
2044,VPKGEAKPK,1,5,,,,
2045,VSVPVSEIR,1,5,,,,
2046,YKDDDDKLE,1,5,,,,
2047,ALLLLAAAA,1,4,,,,
2048,ALLLLLLFS,1,4,,,,
2049,ALLSTVRGA,1,4,,,,
2050,ARRRRRRQA,1,4,,,,
2051,DKQKNGIKV,1,4,,,,
2052,EEEEAAPAD,1,4,,,,
2053,EGRHHHHHH,1,4,,,,
2054,EGTIEVEDE,1,4,,,,
2055,ENLYFQGLE,1,4,,,,
2056,FSVVLASYA,1,4,,,,
2057,GIKVNFKIR,1,4,,,,
2058,GRGRGRGGG,1,4,,,,
2059,GSLARFRNI,1,4,,,,
2060,GSTGLPKGV,1,4,,,,
2061,HNVYIMADK,1,4,,,,
2062,IEGRHHHHH,1,4,,,,
2063,IEKKKKKKK,1,4,,,,
2064,IIQAGKRSL,1,4,,,,
2065,IKVNFKIRH,1,4,,,,
2066,IMADKQKNG,1,4,,,,
2067,ISGVTAAYN,1,4,,,,
2068,ITLGMDELY,1,4,,,,
2069,IVSSILRIP,1,4,,,,
2070,KARRSRSRS,1,4,,,,
2071,KNGIKVNFK,1,4,,,,
2072,KNVREVRGL,1,4,,,,
2073,KQKNGIKVN,1,4,,,,
2074,KVNFKIRHN,1,4,,,,
2075,LEEEEEGGE,1,4,,,,
2076,LGAAAAVAG,1,4,,,,
2077,LKGGGGGGG,1,4,,,,
2078,LKQAGFKES,1,4,,,,
2079,LLLSAGADA,1,4,,,,
2080,LLPRLTGVP,1,4,,,,
2081,LLVLPPRAL,1,4,,,,
2082,MADKQKNGI,1,4,,,,
2083,MGGAATICS,1,4,,,,
2084,NGIKVNFKI,1,4,,,,
2085,NSHNVYIMA,1,4,,,,
2086,NVYIMADKQ,1,4,,,,
2087,PPPPPRPPP,1,4,,,,
2088,PPVPPRRKK,1,4,,,,
2089,QGLEHHHHH,1,4,,,,
2090,QKNGIKVNF,1,4,,,,
2091,QRGRGRGRG,1,4,,,,
2092,RENLYFQGL,1,4,,,,
2093,RGAGLLKPS,1,4,,,,
2094,RPSGGGDAG,1,4,,,,
2095,RSRSRGRSR,1,4,,,,
2096,SGSTGLPKG,1,4,,,,
2097,SHHHHHHSM,1,4,,,,
2098,SHNVYIMAD,1,4,,,,
2099,TANVTLSLD,1,4,,,,
2100,TLGMDELYK,1,4,,,,
2101,TPPTTNSDS,1,4,,,,
2102,VAALLLAAG,1,4,,,,
2103,VEEEEEKPR,1,4,,,,
2104,VNFKIRHNI,1,4,,,,
2105,VSAPTGSGK,1,4,,,,
2106,VYIMADKQK,1,4,,,,
2107,YGVQCFSRY,1,4,,,,
2108,YIMADKQKN,1,4,,,,
2109,YNSHNVYIM,1,4,,,,
2110,AAAGVTVGV,1,3,,,,
2111,AKIRAKYPD,1,3,,,,
2112,ALTPQSLRA,1,3,,,,
2113,ASVASSNSF,1,3,,,,
2114,ATPRYSLEE,1,3,,,,
2115,CVESAKIRA,1,3,,,,
2116,CVQEGNKSS,1,3,,,,
2117,DHSLEHRCV,1,3,,,,
2118,DLTSKNCLV,1,3,,,,
2119,EDHSLEHRC,1,3,,,,
2120,EHRCVESAK,1,3,,,,
2121,ERSPSRRRR,1,3,,,,
2122,ESAKIRAKY,1,3,,,,
2123,FKEDHSLEH,1,3,,,,
2124,GGGSGGGGE,1,3,,,,
2125,GQLEHHHHH,1,3,,,,
2126,GSGQSPSSG,1,3,,,,
2127,GVERALAPP,1,3,,,,
2128,GVGLFLLLL,1,3,,,,
2129,HHHHHGSGE,1,3,,,,
2130,HRCVESAKI,1,3,,,,
2131,HSLEHRCVE,1,3,,,,
2132,IGGVLVVLA,1,3,,,,
2133,KAGKRVLVL,1,3,,,,
2134,KEDHSLEHR,1,3,,,,
2135,KGQVTISAD,1,3,,,,
2136,KIRAKYPDR,1,3,,,,
2137,KWMFKEDHS,1,3,,,,
2138,LEHRCVESA,1,3,,,,
2139,LGLGGAVLG,1,3,,,,
2140,LLWGVGAAR,1,3,,,,
2141,MAHHHHHHG,1,3,,,,
2142,MFKEDHSLE,1,3,,,,
2143,MKWMFKEDH,1,3,,,,
2144,MLLLLCLGL,1,3,,,,
2145,MTEEGSDLE,1,3,,,,
2146,PLPPPRPTP,1,3,,,,
2147,PPPPGPPGP,1,3,,,,
2148,PPPPPGPPG,1,3,,,,
2149,PPPRETPVP,1,3,,,,
2150,PPRETPVPP,1,3,,,,
2151,PQPSPQEGG,1,3,,,,
2152,PSSETASSG,1,3,,,,
2153,QVLLLLVLG,1,3,,,,
2154,QVTRGLASL,1,3,,,,
2155,RCVESAKIR,1,3,,,,
2156,RGRGRGGGG,1,3,,,,
2157,RSPSRRRRL,1,3,,,,
2158,SAKIRAKYP,1,3,,,,
2159,SLEHRCVES,1,3,,,,
2160,SSNVSVATT,1,3,,,,
2161,STSGVSGAS,1,3,,,,
2162,TSGVSGASA,1,3,,,,
2163,TSLFLPGAS,1,3,,,,
2164,TVPVSAAGS,1,3,,,,
2165,VESAKIRAK,1,3,,,,
2166,VGASGVGKT,1,3,,,,
2167,VLVLLILTL,1,3,,,,
2168,VLVSFSALS,1,3,,,,
2169,VVLVLLILT,1,3,,,,
2170,WMFKEDHSL,1,3,,,,
2171,WPTLVTTLT,1,3,,,,
2172,AAGAAAGLV,1,2,,,,
2173,AGAAAGLVR,1,2,,,,
2174,AIFLFVDKT,1,2,,,,
2175,ALIKVSMEN,1,2,,,,
2176,APLSPRPLS,1,2,,,,
2177,AQFMWIIRK,1,2,,,,
2178,ASLRATGIP,1,2,,,,
2179,ATSSASQLS,1,2,,,,
2180,AYSGENTFG,1,2,,,,
2181,DASTGVSGG,1,2,,,,
2182,DEDGFLYVA,1,2,,,,
2183,DGFLYVAYS,1,2,,,,
2184,DIDKRKYLV,1,2,,,,
2185,DITVAQFMW,1,2,,,,
2186,DKTVPQSSL,1,2,,,,
2187,EDGFLYVAY,1,2,,,,
2188,EDVASLQSF,1,2,,,,
2189,EELELDKWK,1,2,,,,
2190,EKAIFLFVD,1,2,,,,
2191,EKEKDEDGF,1,2,,,,
2192,EKVSGSQIV,1,2,,,,
2193,ERDIQTEES,1,2,,,,
2194,FLFVDKTVP,1,2,,,,
2195,FLYVAYSGE,1,2,,,,
2196,FMWIIRKRI,1,2,,,,
2197,FQGLEHHHH,1,2,,,,
2198,FVDKTVPQS,1,2,,,,
2199,FWQKKKKQR,1,2,,,,
2200,GFLYVAYSG,1,2,,,,
2201,GGQPPVPPP,1,2,,,,
2202,GQLYEKEKD,1,2,,,,
2203,GRGVLLGGV,1,2,,,,
2204,GRTITLEVE,1,2,,,,
2205,GSGSGSAAA,1,2,,,,
2206,GSGSHHHHH,1,2,,,,
2207,GSQIVDIDK,1,2,,,,
2208,HHHHHHSSS,1,2,,,,
2209,IDKRKYLVP,1,2,,,,
2210,IFLFVDKTV,1,2,,,,
2211,IIRKRIQLP,1,2,,,,
2212,IQLPSEKAI,1,2,,,,
2213,IRAKYPDRV,1,2,,,,
2214,IRKRIQLPS,1,2,,,,
2215,ITVAQFMWI,1,2,,,,
2216,IVDIDKRKY,1,2,,,,
2217,IVEKVSGSQ,1,2,,,,
2218,KAIFLFVDK,1,2,,,,
2219,KDEDGFLYV,1,2,,,,
2220,KEKDEDGFL,1,2,,,,
2221,KGLERVSVV,1,2,,,,
2222,KHHHHHHGK,1,2,,,,
2223,KHHHHHHGS,1,2,,,,
2224,KRIQLPSEK,1,2,,,,
2225,KTVPQSSLT,1,2,,,,
2226,KVSGSQIVD,1,2,,,,
2227,KYLVPSDIT,1,2,,,,
2228,LEVLAELEA,1,2,,,,
2229,LFFLLLLSV,1,2,,,,
2230,LFVDKTVPQ,1,2,,,,
2231,LLALLSLAL,1,2,,,,
2232,LLLLLSALA,1,2,,,,
2233,LLSVLLYLL,1,2,,,,
2234,LNAAAAAAA,1,2,,,,
2235,LPAAAAASA,1,2,,,,
2236,LPSEKAIFL,1,2,,,,
2237,LTGRTITLE,1,2,,,,
2238,LTMGQLYEK,1,2,,,,
2239,LVLALRGGG,1,2,,,,
2240,LVPSDITVA,1,2,,,,
2241,LYEKEKDED,1,2,,,,
2242,LYFQGLEHH,1,2,,,,
2243,LYVAYSGEN,1,2,,,,
2244,MGQLYEKEK,1,2,,,,
2245,MHHHHHHMS,1,2,,,,
2246,MWIIRKRIQ,1,2,,,,
2247,NLYFQGLEH,1,2,,,,
2248,PDYKDDDDK,1,2,,,,
2249,PFPKARRPE,1,2,,,,
2250,PGGQPPVPP,1,2,,,,
2251,PLPPLSPPP,1,2,,,,
2252,PLPPPQGPP,1,2,,,,
2253,PPGGQPPVP,1,2,,,,
2254,PPSSGAAGS,1,2,,,,
2255,PQSSLTMGQ,1,2,,,,
2256,PRSHHHHHH,1,2,,,,
2257,PSDITVAQF,1,2,,,,
2258,PSEKAIFLF,1,2,,,,
2259,PVIVEKVSG,1,2,,,,
2260,QEGEAAPRS,1,2,,,,
2261,QFMWIIRKR,1,2,,,,
2262,QIVDIDKRK,1,2,,,,
2263,QLPSEKAIF,1,2,,,,
2264,QLYEKEKDE,1,2,,,,
2265,QSSLTMGQL,1,2,,,,
2266,RAKYPDRVP,1,2,,,,
2267,RIQLPSEKA,1,2,,,,
2268,RKAAQAFLS,1,2,,,,
2269,RKRIQLPSE,1,2,,,,
2270,RKYLVPSDI,1,2,,,,
2271,RRRSRSRGR,1,2,,,,
2272,RSRSRSKGG,1,2,,,,
2273,SAAAVAPSA,1,2,,,,
2274,SAHLMLKPI,1,2,,,,
2275,SDITVAQFM,1,2,,,,
2276,SEKAIFLFV,1,2,,,,
2277,SGSQIVDID,1,2,,,,
2278,SLTMGQLYE,1,2,,,,
2279,SQIVDIDKR,1,2,,,,
2280,SSLTMGQLY,1,2,,,,
2281,SSTTSTSSS,1,2,,,,
2282,STSSSLDPE,1,2,,,,
2283,TGRTITLEV,1,2,,,,
2284,TLTGRTITL,1,2,,,,
2285,TMGQLYEKE,1,2,,,,
2286,TRLLSPGAA,1,2,,,,
2287,TVAQFMWII,1,2,,,,
2288,TVPQSSLTM,1,2,,,,
2289,VAQFMWIIR,1,2,,,,
2290,VAYSGENTF,1,2,,,,
2291,VDAHPGSGK,1,2,,,,
2292,VDIDKRKYL,1,2,,,,
2293,VDKTVPQSS,1,2,,,,
2294,VEKVSGSQI,1,2,,,,
2295,VIVEKVSGS,1,2,,,,
2296,VLLLLLLLA,1,2,,,,
2297,VLLLTVGRW,1,2,,,,
2298,VPQSSLTMG,1,2,,,,
2299,VPSDITVAQ,1,2,,,,
2300,VSGSQIVDI,1,2,,,,
2301,WIIRKRIQL,1,2,,,,
2302,WVLAGGLLA,1,2,,,,
2303,YEKEKDEDG,1,2,,,,
2304,YFQGLEHHH,1,2,,,,
2305,YLVPSDITV,1,2,,,,
2306,YVAYSGENT,1,2,,,,
2307,AAAAAAGLR,1,1,,,,
2308,AAAGRAAGG,1,1,,,,
2309,AAASAASSV,1,1,,,,
2310,AAGLAGLLA,1,1,,,,
2311,AAGRAARLR,1,1,,,,
2312,AAIGLLGAA,1,1,,,,
2313,AALGSPGPD,1,1,,,,
2314,AARRRLPRG,1,1,,,,
2315,AASAASSVA,1,1,,,,
2316,AGAAAQQAR,1,1,,,,
2317,AGFSGIGRV,1,1,,,,
2318,AGGAGAAVA,1,1,,,,
2319,AGGHYLLRV,1,1,,,,
2320,AGGLVLAVT,1,1,,,,
2321,AGGSAARGT,1,1,,,,
2322,AGLALALLL,1,1,,,,
2323,AGSLGVGVV,1,1,,,,
2324,AKKEISSLT,1,1,,,,
2325,AKPKRRKKL,1,1,,,,
2326,AKYPDRVPV,1,1,,,,
2327,ALAVLAALT,1,1,,,,
2328,ALGAAIAAG,1,1,,,,
2329,ALGTVAVAL,1,1,,,,
2330,ALLGAAYLL,1,1,,,,
2331,AMARGRGAA,1,1,,,,
2332,AMDYKDDDD,1,1,,,,
2333,APAGARSLV,1,1,,,,
2334,APAGFSGIG,1,1,,,,
2335,AQVGQATAG,1,1,,,,
2336,ARAAARFAG,1,1,,,,
2337,ARASPRSRR,1,1,,,,
2338,ARGALGLTS,1,1,,,,
2339,ARPPEGRVW,1,1,,,,
2340,ARTTFKLTS,1,1,,,,
2341,ASQLSSLSL,1,1,,,,
2342,AVTNYSSSG,1,1,,,,
2343,DDDDKASDV,1,1,,,,
2344,DEAVITGES,1,1,,,,
2345,DGRSLSDYN,1,1,,,,
2346,DGRTLSGYN,1,1,,,,
2347,DIVLDFDYW,1,1,,,,
2348,DKIVAAALA,1,1,,,,
2349,DRSARLADI,1,1,,,,
2350,DSSSDLNVV,1,1,,,,
2351,EACFPPGPS,1,1,,,,
2352,EAVITGESR,1,1,,,,
2353,EDGRSLSDY,1,1,,,,
2354,EDGRTLSGY,1,1,,,,
2355,EEPEEDDDS,1,1,,,,
2356,EHHHHHHSS,1,1,,,,
2357,EIPRPAYDL,1,1,,,,
2358,EMAQLLGIP,1,1,,,,
2359,ENLYFQGGI,1,1,,,,
2360,FLLPGPRQN,1,1,,,,
2361,FSGIGRVTA,1,1,,,,
2362,FVKTLTGRT,1,1,,,,
2363,GAAAGSTTS,1,1,,,,
2364,GAAARRAAR,1,1,,,,
2365,GAAGLAGLL,1,1,,,,
2366,GALLAASLR,1,1,,,,
2367,GAPAGFSGI,1,1,,,,
2368,GATSLTPAT,1,1,,,,
2369,GEMAQLLGI,1,1,,,,
2370,GENLYFQGM,1,1,,,,
2371,GFSGIGRVT,1,1,,,,
2372,GGAAARRAA,1,1,,,,
2373,GGAAASSTA,1,1,,,,
2374,GGAAGRVTA,1,1,,,,
2375,GGAVLIGLT,1,1,,,,
2376,GGIPPDQQR,1,1,,,,
2377,GGLLLLIGL,1,1,,,,
2378,GGSAARGTG,1,1,,,,
2379,GIPEDAANL,1,1,,,,
2380,GKGHHHHHH,1,1,,,,
2381,GKQLEDGRS,1,1,,,,
2382,GLARDLAKR,1,1,,,,
2383,GNIRGPVSG,1,1,,,,
2384,GNSGSSTVA,1,1,,,,
2385,GPCSPAPAP,1,1,,,,
2386,GPGLQAKAP,1,1,,,,
2387,GRALASPHG,1,1,,,,
2388,GRAVVLTTL,1,1,,,,
2389,GRSLSDYNI,1,1,,,,
2390,GRTLSGYNI,1,1,,,,
2391,GRVAQVLRL,1,1,,,,
2392,GSAGRARLR,1,1,,,,
2393,GSAPGIGAA,1,1,,,,
2394,GSISRNSDR,1,1,,,,
2395,GSLGVGVVA,1,1,,,,
2396,GSPPALASS,1,1,,,,
2397,GSPPSLSSS,1,1,,,,
2398,GSRRPRRRR,1,1,,,,
2399,GSSGPPAVS,1,1,,,,
2400,GSSGSSGVN,1,1,,,,
2401,GTVAVALGA,1,1,,,,
2402,GVEGRAASG,1,1,,,,
2403,GVWVAAQLA,1,1,,,,
2404,GYNIQKEST,1,1,,,,
2405,HHHHHHGSN,1,1,,,,
2406,HHHHHHHMS,1,1,,,,
2407,HHHHHHSMS,1,1,,,,
2408,HVSGGVSAR,1,1,,,,
2409,HWRRNRRKV,1,1,,,,
2410,IFVKTLTGR,1,1,,,,
2411,IKAAGLRGC,1,1,,,,
2412,ILAAVLLEL,1,1,,,,
2413,ILAGKQLED,1,1,,,,
2414,IPAVLLTAL,1,1,,,,
2415,IPEDAANLR,1,1,,,,
2416,ITPEDTLQL,1,1,,,,
2417,IVNASVGSG,1,1,,,,
2418,KAKAAAAAA,1,1,,,,
2419,KATAAARRA,1,1,,,,
2420,KDEDGFLYT,1,1,,,,
2421,KKLAELKQE,1,1,,,,
2422,KMQIFVKTL,1,1,,,,
2423,KPKRRKKLA,1,1,,,,
2424,KQLEDGRSL,1,1,,,,
2425,KRRKKLAEL,1,1,,,,
2426,KTLTGRTIT,1,1,,,,
2427,LAAGGAAVL,1,1,,,,
2428,LAGKQLEDG,1,1,,,,
2429,LASPGPATA,1,1,,,,
2430,LEDGRSLSD,1,1,,,,
2431,LEDGRTLSG,1,1,,,,
2432,LGGLLAAAA,1,1,,,,
2433,LGSRSHHHH,1,1,,,,
2434,LGTVAVALG,1,1,,,,
2435,LILAGKQLE,1,1,,,,
2436,LLAASLLLF,1,1,,,,
2437,LLLLAGVGG,1,1,,,,
2438,LLLLLLALL,1,1,,,,
2439,LLLLLLASP,1,1,,,,
2440,LLLLLLLML,1,1,,,,
2441,LLLMLLPPV,1,1,,,,
2442,LLPPPGPRL,1,1,,,,
2443,LLRNDVPVA,1,1,,,,
2444,LLVSQLSTS,1,1,,,,
2445,LQGAASAAL,1,1,,,,
2446,LSGYNIQKE,1,1,,,,
2447,LTASVTSPL,1,1,,,,
2448,LTLLLEKLK,1,1,,,,
2449,MALITQQDL,1,1,,,,
2450,MASRNSGGD,1,1,,,,
2451,MGRGSHHHH,1,1,,,,
2452,MVLLLLLLL,1,1,,,,
2453,NFQGKVTMT,1,1,,,,
2454,NGPCGAGPW,1,1,,,,
2455,NHLLNPGKV,1,1,,,,
2456,PAARRRRRR,1,1,,,,
2457,PAGFSGIGR,1,1,,,,
2458,PCGTISALQ,1,1,,,,
2459,PGALLAASL,1,1,,,,
2460,PGAPAGFSG,1,1,,,,
2461,PGHLLRGVL,1,1,,,,
2462,PGSVVAGIV,1,1,,,,
2463,PKRRKKLAE,1,1,,,,
2464,PLGSRGGRG,1,1,,,,
2465,PLLLPLLAL,1,1,,,,
2466,PLPPSPSPP,1,1,,,,
2467,PNSSIMLES,1,1,,,,
2468,PPDGGLVVL,1,1,,,,
2469,PPLCPLGHV,1,1,,,,
2470,PPRAIPPVP,1,1,,,,
2471,PPRPPGAPP,1,1,,,,
2472,PTTVPSVQA,1,1,,,,
2473,PVDKLAAAL,1,1,,,,
2474,PWTSSTATA,1,1,,,,
2475,QDLINRLQA,1,1,,,,
2476,QEDAADLRA,1,1,,,,
2477,QGVEEDARA,1,1,,,,
2478,QLEDGRSLS,1,1,,,,
2479,QSVTATLDA,1,1,,,,
2480,QVPRALAAR,1,1,,,,
2481,RDAPVSSLR,1,1,,,,
2482,RGAGGGGGG,1,1,,,,
2483,RGRGRGRGH,1,1,,,,
2484,RGWPLPPPQ,1,1,,,,
2485,RKKLAELKQ,1,1,,,,
2486,RLEVEPSDT,1,1,,,,
2487,RLLLGAALA,1,1,,,,
2488,RPCGTISAL,1,1,,,,
2489,RRGRCGRGT,1,1,,,,
2490,RRKKLAELK,1,1,,,,
2491,RRRGPGLGG,1,1,,,,
2492,RSAGSGPAA,1,1,,,,
2493,RSLSDYNIQ,1,1,,,,
2494,RTLSGYNIQ,1,1,,,,
2495,RVPVIVEKV,1,1,,,,
2496,SAAAALAAL,1,1,,,,
2497,SAAGRAARL,1,1,,,,
2498,SGIGRVTAL,1,1,,,,
2499,SGSAYGRSL,1,1,,,,
2500,SGTTSEAPP,1,1,,,,
2501,SGYNIQKES,1,1,,,,
2502,SIVAAAVLL,1,1,,,,
2503,SLAPAAEAA,1,1,,,,
2504,SLLKSSPTA,1,1,,,,
2505,SLSDYNIQK,1,1,,,,
2506,SPPSSARSS,1,1,,,,
2507,SRGAGLLKP,1,1,,,,
2508,SRLRGTGLN,1,1,,,,
2509,SSALLLGAP,1,1,,,,
2510,SSGSAYGRS,1,1,,,,
2511,STPPPGGGA,1,1,,,,
2512,SVPVSVMGS,1,1,,,,
2513,TAVTAASAA,1,1,,,,
2514,TGGAAAHPT,1,1,,,,
2515,TGGTAAEAA,1,1,,,,
2516,TLGVVSLFS,1,1,,,,
2517,TLSGYNIQK,1,1,,,,
2518,TLVENLETT,1,1,,,,
2519,TRDAPVSSL,1,1,,,,
2520,TSLLKSSPT,1,1,,,,
2521,TSSEAPPSG,1,1,,,,
2522,TSSEATSSG,1,1,,,,
2523,TTAPSGPTP,1,1,,,,
2524,TTSSEAPPS,1,1,,,,
2525,TVRRRRDSL,1,1,,,,
2526,VDGHTKVTG,1,1,,,,
2527,VESGGRLVS,1,1,,,,
2528,VGGGGSGGG,1,1,,,,
2529,VIVGHIVLG,1,1,,,,
2530,VKTLTGRTI,1,1,,,,
2531,VPPPPSGGR,1,1,,,,
2532,VPVIVEKVS,1,1,,,,
2533,VTGASVGRG,1,1,,,,
2534,VVIVGHIVL,1,1,,,,
2535,WGGWLPSPL,1,1,,,,
2536,YARESRVTL,1,1,,,,
2537,YPPDGGLVV,1,1,,,,
